,close,datetime,high,low,open,volume,sma_10,sma_30,sma_100,bsh
0,236.09,2020-02-19 14:30:00,236.22,236.02,236.05,357439,,,,hold
1,236.19,2020-02-19 14:31:00,236.19,235.85,236.07,143413,,,,hold
2,236.33,2020-02-19 14:32:00,236.44,236.21,236.21,184066,,,,hold
3,236.0,2020-02-19 14:33:00,236.38,235.89,236.34,366050,,,,hold
4,236.18,2020-02-19 14:34:00,236.29,235.965,236.01,217837,,,,hold
5,236.33,2020-02-19 14:35:00,236.355,236.16,236.16,141944,,,,hold
6,236.33,2020-02-19 14:36:00,236.445,236.22,236.32,261757,,,,hold
7,236.235,2020-02-19 14:37:00,236.37,236.2,236.33,75336,,,,hold
8,236.2863,2020-02-19 14:38:00,236.35,236.22,236.24,86556,,,,hold
9,236.3954,2020-02-19 14:39:00,236.43,236.2726,236.2726,94444,236.23667,,,hold
10,236.477,2020-02-19 14:40:00,236.49,236.37,236.4,49151,236.27536999999998,,,hold
11,236.5652,2020-02-19 14:41:00,236.57,236.48,236.4838,67515,236.31288999999998,,,hold
12,236.53,2020-02-19 14:42:00,236.58,236.52,236.54,45762,236.33289,,,hold
13,236.409,2020-02-19 14:43:00,236.54,236.409,236.52,111238,236.37379,,,hold
14,236.32,2020-02-19 14:44:00,236.42,236.32,236.4,64940,236.38779000000005,,,hold
15,236.39,2020-02-19 14:45:00,236.44,236.33,236.33,44700,236.39379000000002,,,hold
16,236.49,2020-02-19 14:46:00,236.505,236.3846,236.3846,36714,236.40979000000007,,,hold
17,236.44,2020-02-19 14:47:00,236.54,236.44,236.49,53294,236.43029000000007,,,hold
18,236.46,2020-02-19 14:48:00,236.53,236.45,236.45,76957,236.44766000000004,,,hold
19,236.51,2020-02-19 14:49:00,236.5263,236.47,236.47,63611,236.45912000000004,,,hold
20,236.4656,2020-02-19 14:50:00,236.52,236.46,236.52,62547,236.45798000000005,,,hold
21,236.5238,2020-02-19 14:51:00,236.5238,236.371,236.46,65557,236.45384000000004,,,hold
22,236.6,2020-02-19 14:52:00,236.63,236.5,236.52,87034,236.46084000000002,,,hold
23,236.665,2020-02-19 14:53:00,236.7,236.6,236.6,42983,236.48644,,,hold
24,236.635,2020-02-19 14:54:00,236.6808,236.62,236.67,42089,236.51793999999995,,,hold
25,236.69,2020-02-19 14:55:00,236.71,236.6243,236.63,41990,236.54793999999998,,,hold
26,236.6712,2020-02-19 14:56:00,236.69,236.655,236.68,45169,236.56606000000002,,,hold
27,236.55,2020-02-19 14:57:00,236.69,236.55,236.68,55596,236.57706000000002,,,hold
28,236.525,2020-02-19 14:58:00,236.5846,236.52,236.57,135407,236.58356000000003,,,hold
29,236.58,2020-02-19 14:59:00,236.5961,236.47,236.525,225648,236.59056,236.42878333333334,,hold
30,236.61,2020-02-19 15:00:00,236.64,236.52,236.56,30933,236.60500000000002,236.44611666666665,,hold
31,236.58,2020-02-19 15:01:00,236.62,236.5399,236.6,51587,236.61062,236.4591166666667,,hold
32,236.52,2020-02-19 15:02:00,236.61,236.5192,236.59,45013,236.60262000000003,236.46545000000003,,hold
33,236.54,2020-02-19 15:03:00,236.58,236.52,236.53,57893,236.59012,236.48345000000003,,hold
34,236.61,2020-02-19 15:04:00,236.66,236.56,236.57,36621,236.58762000000007,236.49778333333333,,hold
35,236.57,2020-02-19 15:05:00,236.64,236.53,236.61,53246,236.57562000000007,236.50578333333334,,hold
36,236.65,2020-02-19 15:06:00,236.65,236.54,236.57,19161,236.57350000000005,236.51645,,hold
37,236.53,2020-02-19 15:07:00,236.6899,236.53,236.65,68948,236.57150000000007,236.5262833333333,,hold
38,236.57,2020-02-19 15:08:00,236.5821,236.51,236.5316,64715,236.57600000000008,236.53573999999998,,hold
39,236.59,2020-02-19 15:09:00,236.595,236.5508,236.565,86322,236.57700000000008,236.54222666666664,,hold
40,236.58,2020-02-19 15:10:00,236.6201,236.54,236.6,116211,236.57400000000007,236.54565999999997,,hold
41,236.5712,2020-02-19 15:11:00,236.605,236.545,236.6,41380,236.57312000000007,236.54586,,hold
42,236.5357,2020-02-19 15:12:00,236.61,236.48,236.59,45689,236.57469000000006,236.54605,,hold
43,236.4433,2020-02-19 15:13:00,236.5361,236.43,236.5361,39081,236.56502000000006,236.54719333333335,,hold
44,236.49,2020-02-19 15:14:00,236.49,236.44,236.45,15473,236.55302000000006,236.55286000000004,,hold
45,236.64,2020-02-19 15:15:00,236.66,236.47,236.51,52508,236.56002000000004,236.56119333333336,,hold
46,236.675,2020-02-19 15:16:00,236.72,236.66,236.66,44668,236.56252000000003,236.56736000000004,,hold
47,236.69,2020-02-19 15:17:00,236.72,236.66,236.675,45109,236.57852000000003,236.57569333333336,,hold
48,236.64,2020-02-19 15:18:00,236.695,236.58,236.69,31374,236.58552,236.5816933333334,,hold
49,236.71,2020-02-19 15:19:00,236.72,236.605,236.64,23160,236.59751999999997,236.58836000000005,,hold
50,236.73,2020-02-19 15:20:00,236.8,236.715,236.7177,38531,236.61252,236.5971733333334,,hold
51,236.76,2020-02-19 15:21:00,236.77,236.74,236.74,15945,236.63139999999999,236.6050466666667,,hold
52,236.82,2020-02-19 15:22:00,236.83,236.74,236.75,36205,236.65983,236.61238000000003,,hold
53,236.825,2020-02-19 15:23:00,236.83,236.78,236.83,40196,236.698,236.61771333333337,,hold
54,236.8334,2020-02-19 15:24:00,236.8699,236.79,236.83,19307,236.73234000000002,236.6243266666667,,hold
55,236.8,2020-02-19 15:25:00,236.86,236.78,236.84,56690,236.74834000000004,236.6279933333334,,hold
56,236.7545,2020-02-19 15:26:00,236.7956,236.74,236.7956,48343,236.75629000000004,236.63077000000007,,hold
57,236.695,2020-02-19 15:27:00,236.78,236.68,236.7633,72173,236.75679000000005,236.63560333333336,,hold
58,236.675,2020-02-19 15:28:00,236.69,236.61,236.69,68225,236.76029000000008,236.6406033333334,,hold
59,236.7,2020-02-19 15:29:00,236.76,236.68,236.68,53290,236.75929000000005,236.64460333333338,,hold
60,236.75,2020-02-19 15:30:00,236.785,236.7,236.74,28692,236.76129000000006,236.64927000000006,,hold
61,236.76,2020-02-19 15:31:00,236.7952,236.75,236.75,17478,236.76129,236.6552700000001,,hold
62,236.78,2020-02-19 15:32:00,236.8,236.755,236.78,21392,236.75729,236.66393666666673,,hold
63,236.7732,2020-02-19 15:33:00,236.81,236.76,236.78,72379,236.75211000000004,236.67171000000005,,hold
64,236.75,2020-02-19 15:34:00,236.79,236.71,236.77,46452,236.74377000000004,236.67637666666673,,hold
65,236.745,2020-02-19 15:35:00,236.78,236.682,236.75,36128,236.73827,236.68221000000005,,hold
66,236.705,2020-02-19 15:36:00,236.77,236.7,236.75,15504,236.73332,236.6840433333334,,hold
67,236.65,2020-02-19 15:37:00,236.7,236.63,236.7,29792,236.72881999999998,236.6880433333334,,hold
68,236.67,2020-02-19 15:38:00,236.68,236.55,236.64,41282,236.72832,236.69137666666674,,hold
69,236.67,2020-02-19 15:39:00,236.695,236.6322,236.6652,24149,236.72532,236.6940433333334,,hold
70,236.72,2020-02-19 15:40:00,236.738,236.66,236.67,33484,236.72232,236.6987100000001,,hold
71,236.6899,2020-02-19 15:41:00,236.74,236.6866,236.74,17799,236.71530999999996,236.70266666666674,,hold
72,236.69,2020-02-19 15:42:00,236.7,236.655,236.7,25603,236.70630999999995,236.70781000000005,,hold
73,236.7184,2020-02-19 15:43:00,236.7299,236.68,236.7,15967,236.70082999999994,236.71698000000006,,hold
74,236.74,2020-02-19 15:44:00,236.75,236.7,236.72,16486,236.69982999999993,236.7253133333334,,hold
75,236.75,2020-02-19 15:45:00,236.75,236.69,236.745,21860,236.70032999999995,236.72898000000004,,hold
76,236.69,2020-02-19 15:46:00,236.7526,236.67,236.75,14425,236.69882999999996,236.72948000000002,,hold
77,236.675,2020-02-19 15:47:00,236.705,236.67,236.68,36507,236.70132999999996,236.72898000000004,,hold
78,236.69,2020-02-19 15:48:00,236.72,236.69,236.69,32823,236.70332999999997,236.7306466666667,,hold
79,236.71,2020-02-19 15:49:00,236.73,236.6952,236.71,15999,236.70732999999996,236.7306466666667,,hold
80,236.73,2020-02-19 15:50:00,236.75,236.69,236.7,23924,236.70833,236.7306466666667,,hold
81,236.72,2020-02-19 15:51:00,236.74,236.69,236.71,20516,236.71133999999998,236.72931333333335,,hold
82,236.727,2020-02-19 15:52:00,236.74,236.67,236.71,21090,236.71503999999996,236.72621333333336,,hold
83,236.7234,2020-02-19 15:53:00,236.78,236.72,236.74,27607,236.71553999999992,236.7228266666667,,hold
84,236.75,2020-02-19 15:54:00,236.77,236.7201,236.7201,16516,236.7165399999999,236.7200466666667,,hold
85,236.805,2020-02-19 15:55:00,236.82,236.7399,236.75,45564,236.72203999999988,236.72021333333336,,hold
86,236.8,2020-02-19 15:56:00,236.82,236.76,236.8068,44654,236.7330399999999,236.72173000000004,,hold
87,236.795,2020-02-19 15:57:00,236.83,236.79,236.8,23348,236.74503999999988,236.72506333333337,,hold
88,236.7913,2020-02-19 15:58:00,236.825,236.79,236.8,26010,236.75516999999985,236.72894000000002,,hold
89,236.815,2020-02-19 15:59:00,236.83,236.79,236.8,12786,236.76566999999986,236.73277333333334,,hold
90,236.84,2020-02-19 16:00:00,236.8552,236.79,236.818,23948,236.77666999999988,236.73577333333336,,hold
91,236.89,2020-02-19 16:01:00,236.92,236.84,236.84,56962,236.79366999999988,236.7401066666667,,hold
92,236.985,2020-02-19 16:02:00,237.0,236.9,236.9,162655,236.8194699999999,236.74694000000002,,hold
93,236.995,2020-02-19 16:03:00,237.0,236.97,236.98,84700,236.84662999999992,236.75433333333336,,hold
94,236.995,2020-02-19 16:04:00,237.005,236.98,236.9963,52972,236.8711299999999,236.76250000000002,,hold
95,237.04,2020-02-19 16:05:00,237.04,236.99,236.995,19579,236.89462999999992,236.77233333333336,,hold
96,237.04,2020-02-19 16:06:00,237.08,237.03,237.05,51503,236.9186299999999,236.78350000000003,,hold
97,237.065,2020-02-19 16:07:00,237.07,237.0199,237.045,31802,236.94562999999988,236.79733333333337,,hold
98,237.06,2020-02-19 16:08:00,237.07,237.05,237.05,17649,236.9724999999999,236.81033333333338,,hold
99,237.07,2020-02-19 16:09:00,237.07,237.03,237.06,41428,236.9979999999999,236.8236666666667,236.64164799999992,buy
100,237.07,2020-02-19 16:10:00,237.1,237.06,237.07,31676,237.0209999999999,236.83533333333335,236.6514479999999,hold
101,237.055,2020-02-19 16:11:00,237.08,237.04,237.07,48657,237.0374999999999,236.84750333333335,236.66009799999992,hold
102,237.05,2020-02-19 16:12:00,237.09,237.0421,237.06,28582,237.04399999999993,236.85950333333338,236.6672979999999,hold
103,237.033,2020-02-19 16:13:00,237.05,237.0,237.04,36010,237.0477999999999,236.86999000000006,236.67762799999988,hold
104,237.06,2020-02-19 16:14:00,237.08,237.03,237.04,35360,237.05429999999993,236.88065666666674,236.6864279999999,hold
105,237.08,2020-02-19 16:15:00,237.11,237.06,237.06,18468,237.05829999999992,236.89165666666673,236.69392799999991,hold
106,237.04,2020-02-19 16:16:00,237.08,237.0199,237.06,64130,237.05829999999992,236.90332333333342,236.7010279999999,hold
107,237.083,2020-02-19 16:17:00,237.09,237.04,237.05,35647,237.06009999999992,236.9169233333334,236.7095079999999,hold
108,237.12,2020-02-19 16:18:00,237.13,237.065,237.09,72101,237.06609999999992,236.93125666666674,236.71784499999987,hold
109,237.1423,2020-02-19 16:19:00,237.1423,237.1,237.12,19893,237.07332999999988,236.94566666666677,236.72531399999986,hold
110,237.125,2020-02-19 16:20:00,237.15,237.12,237.14,98695,237.07882999999987,236.95883333333344,236.73179399999987,hold
111,237.12,2020-02-19 16:21:00,237.14,237.08,237.125,77916,237.08532999999989,236.97216666666677,236.73734199999984,hold
112,237.1363,2020-02-19 16:22:00,237.1364,237.08,237.11,33478,237.09395999999987,236.9858100000001,236.74340499999983,hold
113,237.147,2020-02-19 16:23:00,237.19,237.13,237.132,21296,237.10535999999988,236.9999300000001,236.75078499999984,hold
114,237.15,2020-02-19 16:24:00,237.19,237.15,237.15,18280,237.1143599999999,237.0132633333334,236.75908499999986,hold
115,237.1052,2020-02-19 16:25:00,237.16,237.1052,237.15,39255,237.1168799999999,237.02327000000008,236.7662369999999,hold
116,237.14,2020-02-19 16:26:00,237.15,237.09,237.1077,27934,237.1268799999999,237.03460333333342,236.77273699999986,hold
117,237.1452,2020-02-19 16:27:00,237.1521,237.12,237.1358,15084,237.13309999999987,237.04627666666676,236.77978899999988,hold
118,237.135,2020-02-19 16:28:00,237.16,237.11,237.15,39688,237.13459999999986,237.05773333333343,236.78653899999986,hold
119,237.13,2020-02-19 16:29:00,237.15,237.11,237.13,47721,237.13336999999987,237.06823333333344,236.7927389999999,hold
120,237.155,2020-02-19 16:30:00,237.17,237.1268,237.135,21629,237.13636999999989,237.07873333333342,236.7996329999999,hold
121,237.1225,2020-02-19 16:31:00,237.155,237.1,237.155,63069,237.1366199999999,237.08648333333343,236.80561999999992,hold
122,237.13,2020-02-19 16:32:00,237.16,237.11,237.125,31982,237.1359899999999,237.09131666666678,236.81091999999992,hold
123,237.09,2020-02-19 16:33:00,237.15,237.09,237.12,65099,237.13028999999992,237.09448333333344,236.81516999999994,hold
124,237.11,2020-02-19 16:34:00,237.12,237.08,237.09,81380,237.12628999999993,237.0983166666668,236.81991999999994,hold
125,237.1117,2020-02-19 16:35:00,237.14,237.11,237.11,93561,237.12693999999993,237.10070666666678,236.82413699999998,hold
126,237.19,2020-02-19 16:36:00,237.19,237.12,237.12,62083,237.13193999999993,237.10570666666678,236.82932499999995,hold
127,237.1599,2020-02-19 16:37:00,237.2,237.138,237.1899,14259,237.13340999999997,237.1088700000001,236.83542399999996,hold
128,237.22,2020-02-19 16:38:00,237.24,237.17,237.17,21332,237.1419099999999,237.11420333333345,236.84237399999995,hold
129,237.185,2020-02-19 16:39:00,237.225,237.17,237.22,23386,237.1474099999999,237.1180366666668,236.84842399999994,hold
130,237.15,2020-02-19 16:40:00,237.22,237.135,237.19,18182,237.14690999999988,237.12070333333347,236.85382399999995,hold
131,237.14,2020-02-19 16:41:00,237.1737,237.13,237.16,20091,237.1486599999999,237.1235366666668,236.85942399999993,hold
132,237.09,2020-02-19 16:42:00,237.14,237.08,237.1377,34251,237.14465999999987,237.12487000000013,236.86512399999992,hold
133,237.06,2020-02-19 16:43:00,237.11,237.05,237.11,39928,237.14165999999986,237.12577000000013,236.87032399999993,hold
134,237.02,2020-02-19 16:44:00,237.05,237.01,237.05,37811,237.13265999999985,237.1244366666668,236.87442399999992,hold
135,237.03,2020-02-19 16:45:00,237.0674,237.02,237.02,21580,237.12448999999987,237.12277000000012,236.87902399999993,hold
136,236.99,2020-02-19 16:46:00,237.035,236.98,237.023,41748,237.10448999999986,237.12110333333345,236.88242399999993,hold
137,237.075,2020-02-19 16:47:00,237.09,237.01,237.01,42397,237.09599999999983,237.1208366666668,236.88787399999993,hold
138,237.105,2020-02-19 16:48:00,237.108,237.075,237.08,18667,237.08449999999985,237.1203366666668,236.89322399999995,hold
139,237.133,2020-02-19 16:49:00,237.14,237.11,237.11,15857,237.07929999999982,237.12002666666677,236.89865399999996,hold
140,237.14,2020-02-19 16:50:00,237.18,237.14,237.14,26479,237.0782999999998,237.12052666666676,236.90425399999992,hold
141,237.13,2020-02-19 16:51:00,237.145,237.1,237.145,31771,237.07729999999984,237.1208600000001,236.90984199999994,hold
142,237.1439,2020-02-19 16:52:00,237.155,237.12,237.14,9908,237.08268999999981,237.12111333333345,236.91592399999993,hold
143,237.105,2020-02-19 16:53:00,237.15,237.105,237.135,20368,237.08718999999982,237.11971333333344,236.92254099999994,hold
144,237.125,2020-02-19 16:54:00,237.125,237.08,237.11,51984,237.09768999999983,237.1188800000001,236.92889099999994,hold
145,237.1199,2020-02-19 16:55:00,237.14,237.11,237.13,28721,237.1066799999998,237.1193700000001,236.93368999999996,hold
146,237.1,2020-02-19 16:56:00,237.12,237.08,237.12,21126,237.11767999999984,237.11803666666677,236.93793999999994,hold
147,237.0987,2020-02-19 16:57:00,237.12,237.08,237.1,22670,237.12004999999985,237.11648666666676,236.94202699999994,hold
148,237.085,2020-02-19 16:58:00,237.09,237.065,237.09,42708,237.11804999999987,237.1148200000001,236.94647699999993,hold
149,237.13,2020-02-19 16:59:00,237.14,237.08,237.08,15749,237.1177499999999,237.1148200000001,236.95067699999996,hold
150,237.08,2020-02-19 17:00:00,237.13,237.08,237.13,10130,237.1117499999999,237.1123200000001,236.954177,hold
151,237.05,2020-02-19 17:01:00,237.09,237.04,237.08,27368,237.1037499999999,237.10990333333342,236.957077,hold
152,237.045,2020-02-19 17:02:00,237.0552,237.03,237.05,23318,237.0938599999999,237.10707000000008,236.95932699999997,hold
153,237.06,2020-02-19 17:03:00,237.0747,237.03,237.05,25775,237.08935999999989,237.1060700000001,236.96167699999998,hold
154,237.0,2020-02-19 17:04:00,237.065,237.0,237.06,30940,237.0768599999999,237.10240333333343,236.96334299999998,hold
155,237.045,2020-02-19 17:05:00,237.06,237.005,237.005,50895,237.06936999999988,237.10018000000008,236.96579299999996,hold
156,237.05,2020-02-19 17:06:00,237.07,237.03,237.05,16265,237.0643699999999,237.09551333333346,236.96874799999998,hold
157,237.03,2020-02-19 17:07:00,237.07,237.02,237.0535,10509,237.05749999999995,237.09118333333345,236.97209799999996,hold
158,237.025,2020-02-19 17:08:00,237.04,237.01,237.025,21676,237.05149999999995,237.08468333333343,236.975598,hold
159,237.03,2020-02-19 17:09:00,237.04,237.0,237.02,24918,237.04149999999996,237.07951666666673,236.97889799999996,hold
160,237.04,2020-02-19 17:10:00,237.04,237.01,237.035,21732,237.03749999999997,237.0758500000001,236.98179799999997,hold
161,237.05,2020-02-19 17:11:00,237.06,237.04,237.05,14343,237.03749999999997,237.07285000000007,236.98469799999998,hold
162,237.109,2020-02-19 17:12:00,237.117,237.045,237.045,15461,237.04389999999995,237.07348333333343,236.987988,hold
163,237.1,2020-02-19 17:13:00,237.13,237.09,237.11,23187,237.04789999999994,237.07481666666675,236.991256,hold
164,237.09,2020-02-19 17:14:00,237.1,237.08,237.1,12756,237.05689999999996,237.07715000000007,236.994656,hold
165,237.13,2020-02-19 17:15:00,237.13,237.0978,237.0978,20847,237.06539999999995,237.08048333333343,236.99850600000002,hold
166,237.135,2020-02-19 17:16:00,237.14,237.12,237.125,51536,237.07389999999995,237.08531666666676,237.002806,hold
167,237.17,2020-02-19 17:17:00,237.17,237.13,237.135,30582,237.08789999999993,237.08848333333344,237.00800599999994,hold
168,237.19,2020-02-19 17:18:00,237.21,237.16,237.17,20642,237.10439999999994,237.09131666666678,237.01320599999997,hold
169,237.23,2020-02-19 17:19:00,237.25,237.1831,237.2,33920,237.12439999999992,237.0945500000001,237.01880599999996,hold
170,237.19,2020-02-19 17:20:00,237.22,237.185,237.22,8879,237.13939999999994,237.09621666666675,237.02350599999994,hold
171,237.15,2020-02-19 17:21:00,237.185,237.14,237.18,25327,237.14939999999993,237.0968833333334,237.02810699999995,hold
172,237.17,2020-02-19 17:22:00,237.17,237.15,237.158,4724,237.15549999999993,237.0977533333334,237.03290699999994,hold
173,237.1999,2020-02-19 17:23:00,237.2,237.16,237.17,8288,237.16548999999995,237.10091666666673,237.03772199999992,hold
174,237.18,2020-02-19 17:24:00,237.2,237.17,237.195,3624,237.17448999999993,237.10275000000007,237.04212199999992,hold
175,237.1698,2020-02-19 17:25:00,237.1732,237.16,237.17,7225,237.17846999999992,237.1044133333334,237.0463199999999,hold
176,237.19,2020-02-19 17:26:00,237.2,237.1701,237.175,5688,237.18396999999996,237.10741333333337,237.05131999999992,hold
177,237.1388,2020-02-19 17:27:00,237.21,237.13,237.199,31525,237.18084999999996,237.10875000000001,237.05595799999992,hold
178,237.13,2020-02-19 17:28:00,237.14,237.12,237.13,24843,237.17484999999996,237.11025000000004,237.06035799999995,hold
179,237.1039,2020-02-19 17:29:00,237.14,237.093,237.12,15528,237.16223999999997,237.10938000000002,237.06429699999993,hold
180,237.11,2020-02-19 17:30:00,237.12,237.1,237.11,9204,237.15424,237.11038000000002,237.06809699999994,hold
181,237.17,2020-02-19 17:31:00,237.17,237.12,237.12,8914,237.15623999999997,237.11438,237.07259699999992,hold
182,237.2,2020-02-19 17:32:00,237.2,237.16,237.17,18472,237.15923999999995,237.11954666666668,237.07732699999994,hold
183,237.2049,2020-02-19 17:33:00,237.21,237.18,237.21,6653,237.15973999999997,237.12437666666665,237.08214199999995,hold
184,237.1901,2020-02-19 17:34:00,237.23,237.19,237.2,11388,237.16074999999995,237.13071333333332,237.08654299999995,hold
185,237.2,2020-02-19 17:35:00,237.24,237.18,237.21,12499,237.16376999999994,237.13587999999996,237.09049299999995,hold
186,237.2,2020-02-19 17:36:00,237.205,237.18,237.1847,7967,237.16476999999992,237.14087999999995,237.09449299999997,hold
187,237.18,2020-02-19 17:37:00,237.21,237.17,237.2,10700,237.16888999999986,237.14587999999998,237.098343,hold
188,237.16,2020-02-19 17:38:00,237.19,237.15,237.19,23318,237.17188999999985,237.15037999999998,237.10202999999998,hold
189,237.17,2020-02-19 17:39:00,237.18,237.16,237.16,17088,237.17849999999984,237.15504666666666,237.10557999999997,hold
190,237.1563,2020-02-19 17:40:00,237.18,237.15,237.17,38492,237.18312999999984,237.15892333333332,237.10874299999995,hold
191,237.1679,2020-02-19 17:41:00,237.1899,237.155,237.155,17231,237.18291999999983,237.16285333333332,237.11152199999998,hold
192,237.17,2020-02-19 17:42:00,237.17,237.13,237.17,65484,237.17991999999987,237.16488666666663,237.11337199999994,hold
193,237.17,2020-02-19 17:43:00,237.18,237.15,237.18,10177,237.17642999999984,237.16721999999996,237.11512199999993,hold
194,237.19,2020-02-19 17:44:00,237.1999,237.16,237.16,16386,237.17641999999987,237.1705533333333,237.11707199999992,hold
195,237.215,2020-02-19 17:45:00,237.22,237.18,237.18,5230,237.17791999999992,237.17338666666663,237.11882199999994,hold
196,237.2579,2020-02-19 17:46:00,237.29,237.22,237.22,31551,237.18370999999993,237.17748333333327,237.12100099999992,hold
197,237.275,2020-02-19 17:47:00,237.29,237.25,237.25,18692,237.19320999999997,237.18098333333324,237.12310099999996,hold
198,237.305,2020-02-19 17:48:00,237.3298,237.27,237.27,48821,237.20770999999996,237.1848166666666,237.12555099999994,hold
199,237.35,2020-02-19 17:49:00,237.35,237.3,237.3,21371,237.22570999999994,237.18881666666664,237.12835099999992,hold
200,237.3299,2020-02-19 17:50:00,237.353,237.32,237.35,25013,237.24306999999993,237.19347999999997,237.13094999999993,hold
201,237.33,2020-02-19 17:51:00,237.35,237.325,237.33,18151,237.25927999999993,237.19947999999997,237.13369999999995,hold
202,237.33,2020-02-19 17:52:00,237.34,237.28,237.33,49148,237.27527999999992,237.2048133333333,237.13649999999998,hold
203,237.27,2020-02-19 17:53:00,237.35,237.27,237.3234,27750,237.28527999999991,237.20715,237.13887,hold
204,237.25,2020-02-19 17:54:00,237.29,237.24,237.275,24213,237.29127999999992,237.20948333333334,237.14076999999997,hold
205,237.25,2020-02-19 17:55:00,237.267,237.23,237.25,40474,237.2947799999999,237.21215666666666,237.14246999999995,hold
206,237.24,2020-02-19 17:56:00,237.27,237.23,237.24,17432,237.29298999999986,237.21382333333335,237.14446999999996,hold
207,237.22,2020-02-19 17:57:00,237.25,237.22,237.24,27225,237.28748999999985,237.21653000000003,237.14584,hold
208,237.22,2020-02-19 17:58:00,237.2275,237.2,237.22,12192,237.27898999999985,237.21953000000002,237.14684,hold
209,237.2,2020-02-19 17:59:00,237.22,237.18,237.22,28134,237.26398999999984,237.22273333333337,237.14741700000002,hold
210,237.21,2020-02-19 18:00:00,237.21,237.17,237.2,19450,237.2519999999998,237.2260666666667,237.148267,hold
211,237.19,2020-02-19 18:01:00,237.23,237.185,237.2,19408,237.23799999999983,237.22673333333336,237.148967,hold
212,237.16,2020-02-19 18:02:00,237.2,237.15,237.19,23544,237.22099999999983,237.2254,237.14920400000003,hold
213,237.19,2020-02-19 18:03:00,237.2,237.13,237.15,17114,237.21299999999982,237.22490333333334,237.149634,hold
214,237.18,2020-02-19 18:04:00,237.207,237.17,237.2,22486,237.20599999999982,237.2245666666667,237.149934,hold
215,237.2,2020-02-19 18:05:00,237.2099,237.19,237.19,3008,237.2009999999998,237.2245666666667,237.150882,hold
216,237.2054,2020-02-19 18:06:00,237.22,237.2,237.2,9843,237.19753999999975,237.2247466666667,237.15153599999996,hold
217,237.188,2020-02-19 18:07:00,237.2,237.163,237.2,7709,237.19433999999978,237.22501333333335,237.15196399999996,hold
218,237.19,2020-02-19 18:08:00,237.21,237.185,237.185,13460,237.1913399999998,237.22601333333336,237.15251399999997,hold
219,237.145,2020-02-19 18:09:00,237.197,237.13,237.197,16802,237.1858399999998,237.22518000000002,237.15266399999996,hold
220,237.11,2020-02-19 18:10:00,237.15,237.11,237.1411,18666,237.17583999999982,237.2236366666667,237.152214,hold
221,237.12,2020-02-19 18:11:00,237.14,237.11,237.11,7702,237.16883999999982,237.22204000000002,237.15218899999996,hold
222,237.14,2020-02-19 18:12:00,237.15,237.125,237.13,6838,237.1668399999998,237.22104000000002,237.15228899999994,hold
223,237.13,2020-02-19 18:13:00,237.16,237.13,237.14,6538,237.16083999999984,237.2197066666667,237.15268899999995,hold
224,237.1345,2020-02-19 18:14:00,237.14,237.12,237.14,7471,237.15628999999984,237.2178566666667,237.15293399999996,hold
225,237.1799,2020-02-19 18:15:00,237.1799,237.14,237.14,10963,237.1542799999999,237.2166866666667,237.15361599999994,hold
226,237.1679,2020-02-19 18:16:00,237.19,237.16,237.18,12812,237.1505299999999,237.21368666666675,237.15339499999993,hold
227,237.17,2020-02-19 18:17:00,237.17,237.151,237.1679,4979,237.1487299999999,237.21018666666674,237.15349599999993,hold
228,237.18,2020-02-19 18:18:00,237.1895,237.1601,237.175,8865,237.14772999999985,237.20602000000008,237.15309599999992,hold
229,237.2,2020-02-19 18:19:00,237.2,237.1732,237.1899,7470,237.15322999999984,237.20102000000006,237.15324599999994,hold
230,237.1802,2020-02-19 18:20:00,237.21,237.18,237.1946,15403,237.16024999999985,237.19603000000006,237.1535479999999,hold
231,237.16,2020-02-19 18:21:00,237.19,237.16,237.185,7223,237.16424999999987,237.1903633333334,237.1537479999999,hold
232,237.1059,2020-02-19 18:22:00,237.16,237.1,237.16,19612,237.16083999999987,237.1828933333334,237.1539069999999,hold
233,237.13,2020-02-19 18:23:00,237.13,237.1,237.11,7929,237.16083999999987,237.17822666666672,237.15460699999988,hold
234,237.11,2020-02-19 18:24:00,237.1328,237.11,237.12,4033,237.15838999999988,237.17356000000004,237.1555069999999,hold
235,237.121,2020-02-19 18:25:00,237.13,237.11,237.11,3000,237.15249999999986,237.16926000000004,237.1564169999999,hold
236,237.128,2020-02-19 18:26:00,237.1559,237.1187,237.12,10386,237.1485099999999,237.1655266666667,237.15779699999987,hold
237,237.16,2020-02-19 18:27:00,237.16,237.125,237.125,6571,237.14750999999987,237.16352666666668,237.15864699999986,hold
238,237.17,2020-02-19 18:28:00,237.19,237.15,237.15,10556,237.1465099999999,237.16186000000002,237.15929699999987,hold
239,237.17,2020-02-19 18:29:00,237.18,237.155,237.175,6121,237.14350999999994,237.16086,237.1596669999998,hold
240,237.1654,2020-02-19 18:30:00,237.175,237.15,237.17,6006,237.1420299999999,237.15937333333335,237.15992099999985,sell
241,237.1799,2020-02-19 18:31:00,237.1799,237.1499,237.175,12080,237.1440199999999,237.1590366666667,237.16041999999982,hold
242,237.1543,2020-02-19 18:32:00,237.18,237.15,237.175,3101,237.14885999999993,237.1588466666667,237.1605239999998,hold
243,237.11,2020-02-19 18:33:00,237.17,237.11,237.155,22674,237.14685999999992,237.15618000000003,237.16057399999983,hold
244,237.15,2020-02-19 18:34:00,237.175,237.1,237.1,121306,237.1508599999999,237.15518000000003,237.16082399999985,hold
245,237.17,2020-02-19 18:35:00,237.18,237.15,237.16,33006,237.15575999999993,237.15418000000003,237.1613249999998,hold
246,237.1363,2020-02-19 18:36:00,237.175,237.11,237.17,95716,237.1565899999999,237.1518766666667,237.1616879999998,hold
247,237.14,2020-02-19 18:37:00,237.1488,237.13,237.14,3469,237.15458999999993,237.1502766666667,237.1621009999998,hold
248,237.13,2020-02-19 18:38:00,237.15,237.11,237.1454,17304,237.1505899999999,237.14827666666673,237.16255099999984,hold
249,237.125,2020-02-19 18:39:00,237.15,237.12,237.14,9871,237.1460899999999,237.14761000000004,237.16250099999982,hold
250,237.1309,2020-02-19 18:40:00,237.14,237.11,237.12,8681,237.14263999999994,237.14830666666674,237.16300999999982,hold
251,237.125,2020-02-19 18:41:00,237.15,237.12,237.13,28870,237.13714999999993,237.14847333333338,237.16375999999983,hold
252,237.12,2020-02-19 18:42:00,237.13,237.11,237.125,5030,237.1337199999999,237.14780666666672,237.16450999999984,hold
253,237.145,2020-02-19 18:43:00,237.15,237.12,237.1299,7029,237.1372199999999,237.14830666666674,237.16535999999982,hold
254,237.1581,2020-02-19 18:44:00,237.16,237.1432,237.15,4700,237.1380299999999,237.14909333333338,237.16694099999984,hold
255,237.18,2020-02-19 18:45:00,237.185,237.15,237.15,6881,237.13902999999988,237.1490966666667,237.16829099999984,hold
256,237.225,2020-02-19 18:46:00,237.24,237.18,237.184,12285,237.14789999999985,237.15100000000004,237.17004099999983,hold
257,237.22,2020-02-19 18:47:00,237.23,237.19,237.22,35911,237.15589999999983,237.15266666666673,237.17194099999986,hold
258,237.21,2020-02-19 18:48:00,237.22,237.2,237.21,10070,237.16389999999984,237.1536666666667,237.17379099999982,hold
259,237.19,2020-02-19 18:49:00,237.2177,237.18,237.21,14991,237.17039999999983,237.15333333333336,237.17539099999985,hold
260,237.1802,2020-02-19 18:50:00,237.1999,237.16,237.182,10586,237.17532999999986,237.15333333333336,237.1767929999998,hold
261,237.17,2020-02-19 18:51:00,237.19,237.17,237.19,4500,237.17982999999987,237.1536666666667,237.17799299999982,hold
262,237.16,2020-02-19 18:52:00,237.18,237.16,237.172,7004,237.18382999999986,237.15547000000007,237.1785029999998,hold
263,237.1854,2020-02-19 18:53:00,237.19,237.158,237.17,25081,237.18786999999983,237.15731666666673,237.1793569999998,hold
264,237.18,2020-02-19 18:54:00,237.2,237.16,237.18,24113,237.19005999999982,237.15965000000008,237.1802569999998,hold
265,237.2,2020-02-19 18:55:00,237.21,237.18,237.18,49747,237.1920599999998,237.16228333333342,237.1809569999998,hold
266,237.16,2020-02-19 18:56:00,237.1954,237.16,237.19,13493,237.1855599999998,237.1633500000001,237.1812069999998,hold
267,237.16,2020-02-19 18:57:00,237.1838,237.16,237.18,12287,237.1795599999998,237.1633500000001,237.18110699999983,hold
268,237.1,2020-02-19 18:58:00,237.17,237.07,237.16,74826,237.1685599999998,237.16101666666677,237.18020699999983,hold
269,237.14,2020-02-19 18:59:00,237.15,237.1,237.1,19695,237.1635599999998,237.16001666666676,237.17930699999982,hold
270,237.1899,2020-02-19 19:00:00,237.21,237.03,237.135,102000,237.16452999999973,237.16083333333344,237.17930599999985,hold
271,237.05,2020-02-19 19:01:00,237.175,237.05,237.175,61273,237.15252999999976,237.15650333333346,237.17830599999982,hold
272,237.075,2020-02-19 19:02:00,237.08,237.01,237.05,41289,237.14402999999976,237.1538600000001,237.17735599999986,hold
273,237.1208,2020-02-19 19:03:00,237.15,237.07,237.09,34470,237.13756999999978,237.1542200000001,237.17656499999987,hold
274,237.19,2020-02-19 19:04:00,237.2,237.13,237.13,14637,237.1385699999998,237.15555333333344,237.17666499999984,hold
275,237.24,2020-02-19 19:05:00,237.25,237.16,237.17,58312,237.1425699999998,237.15788666666677,237.17736699999986,hold
276,237.25,2020-02-19 19:06:00,237.2525,237.23,237.23,77908,237.15156999999982,237.16167666666675,237.17796699999988,hold
277,237.28,2020-02-19 19:07:00,237.28,237.24,237.25,54074,237.16356999999985,237.1663433333334,237.17937899999987,hold
278,237.27,2020-02-19 19:08:00,237.31,237.2644,237.275,20232,237.18056999999985,237.17101000000008,237.18077899999986,hold
279,237.29,2020-02-19 19:09:00,237.29,237.25,237.265,28723,237.19556999999986,237.1765100000001,237.18263999999988,hold
280,237.23,2020-02-19 19:10:00,237.29,237.23,237.28,54180,237.19957999999988,237.17981333333339,237.18383999999986,hold
281,237.245,2020-02-19 19:11:00,237.28,237.2316,237.245,38966,237.21907999999985,237.1838133333334,237.18458999999987,hold
282,237.24,2020-02-19 19:12:00,237.26,237.235,237.2473,54001,237.23557999999986,237.1878133333334,237.18498999999989,buy
283,237.25,2020-02-19 19:13:00,237.27,237.235,237.24,10596,237.24849999999984,237.19131333333337,237.18544099999988,hold
284,237.2533,2020-02-19 19:14:00,237.29,237.2525,237.2525,7198,237.2548299999998,237.19448666666673,237.18607299999988,hold
285,237.3064,2020-02-19 19:15:00,237.31,237.255,237.255,10341,237.26146999999983,237.19870000000006,237.1871369999999,hold
286,237.31,2020-02-19 19:16:00,237.33,237.3,237.31,16063,237.26746999999983,237.2015333333334,237.1882369999999,hold
287,237.31,2020-02-19 19:17:00,237.32,237.27,237.3046,53809,237.2704699999998,237.20453333333342,237.18953699999992,hold
288,237.31,2020-02-19 19:18:00,237.31,237.2933,237.305,22718,237.27446999999978,237.20786666666675,237.19103699999994,hold
289,237.2792,2020-02-19 19:19:00,237.305,237.2599,237.305,8231,237.27338999999978,237.2108400000001,237.19212899999994,hold
290,237.23,2020-02-19 19:20:00,237.28,237.22,237.27,21785,237.27338999999978,237.2125000000001,237.19286599999995,hold
291,237.27,2020-02-19 19:21:00,237.3,237.24,237.24,19597,237.2758899999998,237.21583333333345,237.19388699999996,hold
292,237.26,2020-02-19 19:22:00,237.26,237.25,237.26,7481,237.27788999999984,237.21916666666678,237.19478699999996,hold
293,237.2271,2020-02-19 19:23:00,237.255,237.2183,237.255,11609,237.27559999999986,237.22055666666677,237.19535799999997,hold
294,237.25,2020-02-19 19:24:00,237.26,237.2251,237.23,8442,237.27526999999986,237.2228900000001,237.195958,hold
295,237.2323,2020-02-19 19:25:00,237.26,237.22,237.25,4800,237.26785999999987,237.22396666666677,237.19613099999998,hold
296,237.2354,2020-02-19 19:26:00,237.25,237.23,237.2374,9249,237.2603999999999,237.2264800000001,237.195906,hold
297,237.258,2020-02-19 19:27:00,237.26,237.2,237.235,18159,237.2551999999999,237.22974666666676,237.195736,hold
298,237.26,2020-02-19 19:28:00,237.26,237.23,237.2468,12777,237.2501999999999,237.23508000000007,237.19528599999998,hold
299,237.26,2020-02-19 19:29:00,237.28,237.255,237.255,15649,237.24827999999988,237.2390800000001,237.19438599999998,hold
300,237.288,2020-02-19 19:30:00,237.3,237.2532,237.2687,14538,237.25407999999987,237.24235000000004,237.193967,hold
301,237.28,2020-02-19 19:31:00,237.3,237.28,237.2856,10010,237.2550799999999,237.2500166666667,237.19346699999994,hold
302,237.2651,2020-02-19 19:32:00,237.3,237.26,237.287,9988,237.25558999999993,237.25635333333335,237.19281799999993,hold
303,237.26,2020-02-19 19:33:00,237.3,237.26,237.265,8790,237.25887999999995,237.26099333333337,237.1927179999999,hold
304,237.26,2020-02-19 19:34:00,237.28,237.25,237.25,13476,237.25987999999998,237.26332666666673,237.1928179999999,hold
305,237.26,2020-02-19 19:35:00,237.27,237.25,237.25,8755,237.26264999999998,237.26399333333342,237.19291799999988,hold
306,237.29,2020-02-19 19:36:00,237.3,237.2552,237.26,8879,237.26810999999998,237.26532666666674,237.19341799999987,hold
307,237.29,2020-02-19 19:37:00,237.31,237.2757,237.3,14225,237.27131,237.26566000000008,237.19411799999986,hold
308,237.3,2020-02-19 19:38:00,237.3,237.2762,237.29,8150,237.27531,237.2666600000001,237.19491799999986,hold
309,237.29,2020-02-19 19:39:00,237.3,237.2799,237.3,12893,237.27830999999998,237.2666600000001,237.19581799999986,hold
310,237.3075,2020-02-19 19:40:00,237.31,237.2679,237.2923,29498,237.28025999999994,237.26924333333343,237.19679299999984,hold
311,237.312,2020-02-19 19:41:00,237.32,237.295,237.305,26518,237.28345999999993,237.27147666666676,237.1980129999999,hold
312,237.31,2020-02-19 19:42:00,237.32,237.3,237.31,25781,237.2879499999999,237.2738100000001,237.1995129999999,hold
313,237.305,2020-02-19 19:43:00,237.3199,237.3,237.3199,13986,237.29244999999992,237.27564333333345,237.2006629999999,hold
314,237.44,2020-02-19 19:44:00,237.47,237.31,237.31,142166,237.31044999999995,237.28186666666676,237.2032629999999,hold
315,237.41,2020-02-19 19:45:00,237.47,237.39,237.44,101512,237.3254499999999,237.28532000000007,237.2053629999999,hold
316,237.41,2020-02-19 19:46:00,237.43,237.4,237.415,56983,237.3374499999999,237.2886533333334,237.2074089999999,hold
317,237.3899,2020-02-19 19:47:00,237.42,237.37,237.41,44769,237.34743999999992,237.29131666666672,237.2094279999999,hold
318,237.39,2020-02-19 19:48:00,237.4,237.36,237.39,44705,237.35643999999988,237.2939833333334,237.2114279999999,hold
319,237.36,2020-02-19 19:49:00,237.3895,237.3569,237.38,42865,237.3634399999999,237.2966766666667,237.2135779999999,hold
320,237.39,2020-02-19 19:50:00,237.4,237.367,237.367,14871,237.3716899999999,237.30201000000005,237.2163779999999,hold
321,237.39,2020-02-19 19:51:00,237.399,237.365,237.38,7827,237.3794899999999,237.30601000000007,237.2190779999999,hold
322,237.38,2020-02-19 19:52:00,237.39,237.37,237.39,13159,237.38648999999992,237.31001000000006,237.2214779999999,hold
323,237.37,2020-02-19 19:53:00,237.4,237.3679,237.38,23056,237.3929899999999,237.3147733333334,237.2238779999999,hold
324,237.3407,2020-02-19 19:54:00,237.385,237.33,237.38,46198,237.38305999999994,237.3177966666667,237.2259399999999,hold
325,237.29,2020-02-19 19:55:00,237.36,237.29,237.355,58886,237.37105999999994,237.31972000000005,237.22704099999993,hold
326,237.3,2020-02-19 19:56:00,237.3082,237.261,237.29,21282,237.36005999999998,237.3218733333334,237.22836199999992,hold
327,237.31,2020-02-19 19:57:00,237.32,237.3,237.31,15857,237.35206999999997,237.32360666666676,237.22976199999994,hold
328,237.31,2020-02-19 19:58:00,237.32,237.29,237.3,6668,237.34406999999996,237.32527333333343,237.23106199999995,hold
329,237.31,2020-02-19 19:59:00,237.32,237.2837,237.315,30430,237.33906999999994,237.3269400000001,237.23216199999996,hold
330,237.32,2020-02-19 20:00:00,237.3283,237.29,237.3192,18559,237.33207,237.32800666666674,237.23355999999995,hold
331,237.33,2020-02-19 20:01:00,237.35,237.33,237.335,7156,237.32607,237.32967333333343,237.23525999999998,hold
332,237.31,2020-02-19 20:02:00,237.3399,237.3,237.33,16764,237.31906999999995,237.3311700000001,237.237301,hold
333,237.285,2020-02-19 20:03:00,237.31,237.27,237.31,21023,237.31056999999996,237.33200333333343,237.23885099999998,hold
334,237.26,2020-02-19 20:04:00,237.3,237.2,237.29,48561,237.30249999999992,237.33200333333343,237.24035099999998,hold
335,237.18,2020-02-19 20:05:00,237.26,237.16,237.255,46744,237.2914999999999,237.32933666666676,237.240941,hold
336,237.16,2020-02-19 20:06:00,237.2091,237.16,237.19,27323,237.27749999999986,237.32500333333343,237.24126099999998,hold
337,237.12,2020-02-19 20:07:00,237.16,237.1,237.16,69228,237.25849999999986,237.31933666666677,237.24086099999997,hold
338,237.125,2020-02-19 20:08:00,237.15,237.11,237.12,17415,237.23999999999987,237.31350333333341,237.240411,hold
339,237.11,2020-02-19 20:09:00,237.13,237.08,237.12,37840,237.21999999999989,237.30750333333341,237.239811,hold
340,237.05,2020-02-19 20:10:00,237.14,237.045,237.1,43549,237.1929999999999,237.2989200000001,237.238657,hold
341,237.08,2020-02-19 20:11:00,237.115,237.03,237.06,54144,237.1679999999999,237.29118666666676,237.237658,hold
342,237.0526,2020-02-19 20:12:00,237.09,237.03,237.08,35545,237.1422599999999,237.28260666666674,237.23664100000002,hold
343,237.075,2020-02-19 20:13:00,237.08,237.04,237.07,38057,237.1212599999999,237.27494000000007,237.23629100000002,hold
344,237.07,2020-02-19 20:14:00,237.08,237.06,237.075,32654,237.10225999999994,237.26260666666673,237.235491,hold
345,237.11,2020-02-19 20:15:00,237.11,237.05,237.07,38646,237.09525999999997,237.25260666666674,237.23489100000003,hold
346,237.13,2020-02-19 20:16:00,237.15,237.09,237.11,33451,237.09225999999998,237.2432733333334,237.23482800000005,hold
347,237.13,2020-02-19 20:17:00,237.14,237.11,237.13,33364,237.09326000000001,237.23461000000006,237.23472800000008,sell
348,237.18,2020-02-19 20:18:00,237.18,237.12,237.13,31416,237.09876,237.22761000000006,237.23522800000006,hold
349,237.188,2020-02-19 20:19:00,237.19,237.1601,237.18,22111,237.10656,237.22187666666676,237.23585800000004,hold
350,237.187,2020-02-19 20:20:00,237.19,237.16,237.18,30105,237.12025999999997,237.21511000000007,237.23641900000007,hold
351,237.14,2020-02-19 20:21:00,237.195,237.13,237.19,48969,237.12625999999995,237.20677666666674,237.23656900000006,hold
352,237.1625,2020-02-19 20:22:00,237.17,237.14,237.15,13996,237.13724999999994,237.19952666666674,237.23699400000004,hold
353,237.11,2020-02-19 20:23:00,237.18,237.09,237.165,35386,237.14074999999997,237.19086000000007,237.23664400000004,hold
354,237.1707,2020-02-19 20:24:00,237.18,237.12,237.12,38930,237.15081999999998,237.1851933333334,237.23677000000004,hold
355,237.15,2020-02-19 20:25:00,237.187,237.15,237.18,26485,237.15481999999997,237.1805266666667,237.23647000000005,hold
356,237.125,2020-02-19 20:26:00,237.17,237.085,237.15,46837,237.15431999999996,237.17469333333338,237.23547000000005,hold
357,237.12,2020-02-19 20:27:00,237.13,237.11,237.13,28546,237.15331999999995,237.16836000000004,237.23447000000004,hold
358,237.1,2020-02-19 20:28:00,237.12,237.09,237.12,56525,237.14531999999994,237.16136000000003,237.23337000000004,hold
359,237.1,2020-02-19 20:29:00,237.12,237.09,237.1,16093,237.13651999999993,237.15436000000003,237.23247000000003,hold
360,237.09,2020-02-19 20:30:00,237.13,237.07,237.1,47147,237.12681999999995,237.1466933333334,237.23156800000004,hold
361,237.0873,2020-02-19 20:31:00,237.09,237.04,237.09,54900,237.12154999999998,237.13860333333338,237.23074100000005,hold
362,237.14,2020-02-19 20:32:00,237.16,237.06,237.08,61143,237.11929999999998,237.13293666666672,237.23054100000004,hold
363,237.05,2020-02-19 20:33:00,237.15,237.045,237.15,30926,237.11329999999998,237.12510333333339,237.22918700000005,hold
364,236.96,2020-02-19 20:34:00,237.06,236.9379,237.05,54113,237.09222999999997,237.1151033333334,237.22698700000004,hold
365,236.93,2020-02-19 20:35:00,236.99,236.93,236.95,114982,237.07022999999995,237.10677000000004,237.22428700000003,hold
366,236.925,2020-02-19 20:36:00,236.9599,236.91,236.935,52587,237.05022999999997,237.09893666666673,237.22193700000003,hold
367,236.94,2020-02-19 20:37:00,236.97,236.92,236.93,92151,237.03222999999997,237.09293666666673,237.219737,hold
368,236.905,2020-02-19 20:38:00,236.96,236.9,236.93,64474,237.01273,237.08560333333338,237.21778700000002,hold
369,236.91,2020-02-19 20:39:00,236.95,236.9,236.91,59018,236.99373,237.07893666666672,237.21548700000002,hold
370,236.96,2020-02-19 20:40:00,236.96,236.885,236.92,49895,236.98073,237.0759366666667,237.213188,hold
371,237.01,2020-02-19 20:41:00,237.02,236.95,236.96,29428,236.97299999999996,237.07360333333338,237.212788,hold
372,237.01,2020-02-19 20:42:00,237.02,236.98,237.01,35442,236.95999999999998,237.07218333333338,237.21213799999998,hold
373,237.025,2020-02-19 20:43:00,237.04,236.985,237.0151,67562,236.95749999999998,237.07051666666672,237.21117999999998,hold
374,236.98,2020-02-19 20:44:00,237.03,236.9549,237.02,40353,236.9595,237.0675166666667,237.20908,hold
375,236.995,2020-02-19 20:45:00,237.035,236.95,236.98,71545,236.96599999999998,237.0636833333334,237.20662999999996,hold
376,236.955,2020-02-19 20:46:00,237.0,236.94,236.995,49044,236.96899999999997,237.05785000000006,237.20368,hold
377,236.96,2020-02-19 20:47:00,236.985,236.92,236.95,60375,236.97099999999995,237.05218333333337,237.20048,hold
378,236.94,2020-02-19 20:48:00,237.0,236.92,236.9657,86356,236.97449999999995,237.04418333333336,237.19717999999997,hold
379,236.85,2020-02-19 20:49:00,236.96,236.815,236.94,108545,236.96849999999995,237.0329166666667,237.19277999999994,hold
380,236.7898,2020-02-19 20:50:00,236.87,236.76,236.86,181504,236.95147999999995,237.01967666666673,237.18837799999994,hold
381,236.84,2020-02-19 20:51:00,236.87,236.78,236.79,93190,236.93447999999998,237.0096766666667,237.18432799999994,hold
382,236.94,2020-02-19 20:52:00,236.94,236.805,236.84,75340,236.92748,237.00226000000004,237.18132799999992,hold
383,236.98,2020-02-19 20:53:00,236.99,236.9,236.94,99565,236.92298,236.9979266666667,237.17862799999992,hold
384,237.055,2020-02-19 20:54:00,237.07,236.94,236.98,152403,236.93048,236.99407000000005,237.17664499999992,hold
385,237.0,2020-02-19 20:55:00,237.06,236.9801,237.04,121452,236.93098,236.98907000000005,237.1735809999999,hold
386,237.08,2020-02-19 20:56:00,237.09,236.995,237.0,155585,236.94348,236.98757000000006,237.1712809999999,hold
387,237.07,2020-02-19 20:57:00,237.12,237.041,237.075,173175,236.95448000000002,236.98590333333337,237.16888099999989,hold
388,237.07,2020-02-19 20:58:00,237.08,237.05,237.06,312516,236.96748000000002,236.98490333333336,237.16648099999986,hold
389,236.99,2020-02-19 20:59:00,237.07,236.97,237.06,293366,236.98148000000006,236.98123666666666,237.1635889999999,hold
390,236.57,2020-02-20 14:30:00,236.59,236.3232,236.46,307174,236.95950000000008,236.96390333333332,237.1569889999999,hold
391,236.66,2020-02-20 14:31:00,236.74,236.59,236.59,112186,236.94150000000005,236.94965999999997,237.1508889999999,hold
392,236.7,2020-02-20 14:32:00,236.79,236.6,236.65,71859,236.91750000000002,236.9349933333333,237.1452889999999,hold
393,236.7,2020-02-20 14:33:00,236.79,236.68,236.7,113830,236.8895,236.9233266666666,237.1400179999999,hold
394,236.69,2020-02-20 14:34:00,236.75,236.5,236.691,73276,236.853,236.9143266666666,237.1344179999999,hold
395,236.545,2020-02-20 14:35:00,236.7,236.51,236.7,90334,236.80750000000003,236.90149333333326,237.12754499999988,hold
396,236.19,2020-02-20 14:36:00,236.57,236.17,236.5494,81925,236.71850000000003,236.87699333333325,237.11709099999985,hold
397,236.35,2020-02-20 14:37:00,236.37,236.0,236.16,166403,236.6465,236.8573266666666,237.10801099999983,hold
398,236.266,2020-02-20 14:38:00,236.39,236.19,236.34,44761,236.5661,236.83602666666658,237.09807099999983,hold
399,236.36,2020-02-20 14:39:00,236.3699,236.1,236.25,69015,236.5031,236.81769333333327,237.08907099999985,hold
400,236.3,2020-02-20 14:40:00,236.46,236.25,236.38,65247,236.4761,236.79569333333328,237.07919099999984,hold
401,236.2397,2020-02-20 14:41:00,236.33,236.19,236.2888,53098,236.43407000000002,236.77001666666658,237.06878799999984,hold
402,236.31,2020-02-20 14:42:00,236.41,236.2295,236.23,75231,236.39507000000003,236.74668333333327,237.05923699999985,hold
403,236.36,2020-02-20 14:43:00,236.36,236.23,236.32,34692,236.36107000000007,236.7245166666666,237.05023699999987,hold
404,236.3,2020-02-20 14:44:00,236.45,236.28,236.35,65501,236.32207000000008,236.70184999999995,237.0406369999999,hold
405,236.24,2020-02-20 14:45:00,236.32,236.17,236.28,79841,236.29157000000004,236.67668333333327,237.03043699999992,hold
406,236.21,2020-02-20 14:46:00,236.27,236.17,236.25,51067,236.29357000000005,236.65184999999994,237.0196369999999,hold
407,236.31,2020-02-20 14:47:00,236.34,236.18,236.215,100843,236.28957000000005,236.6301833333333,237.0098369999999,hold
408,236.335,2020-02-20 14:48:00,236.37,236.24,236.32,31996,236.29647000000006,236.61001666666664,237.0001869999999,hold
409,236.34,2020-02-20 14:49:00,236.36,236.27,236.324,42072,236.29447000000005,236.59301666666664,236.9906869999999,hold
410,236.615,2020-02-20 14:50:00,236.66,236.34,236.34,148503,236.32597000000004,236.58718999999994,236.98376199999993,hold
411,236.595,2020-02-20 14:51:00,236.63,236.53,236.6164,54131,236.36150000000004,236.57902333333328,236.9765919999999,hold
412,236.63,2020-02-20 14:52:00,236.67,236.58,236.6,48656,236.39350000000005,236.56868999999998,236.9697919999999,hold
413,236.69,2020-02-20 14:53:00,236.72,236.61,236.635,74499,236.42650000000003,236.5590233333333,236.96364199999988,hold
414,236.68,2020-02-20 14:54:00,236.7105,236.66,236.69,35881,236.4645,236.5465233333333,236.9560419999999,hold
415,236.6549,2020-02-20 14:55:00,236.71,236.633,236.68,38759,236.50599000000003,236.53501999999995,236.94849099999993,hold
416,236.74,2020-02-20 14:56:00,236.74,236.6492,236.657,35523,236.55899,236.5236866666666,236.94179099999994,hold
417,236.67,2020-02-20 14:57:00,236.76,236.62,236.74,56804,236.59499,236.51035333333328,236.93459199999995,hold
418,236.69,2020-02-20 14:58:00,236.71,236.65,236.67,28052,236.63049,236.49768666666662,236.92759199999992,hold
419,236.675,2020-02-20 14:59:00,236.715,236.65,236.68,28445,236.66399,236.48718666666664,236.9207419999999,hold
420,236.65,2020-02-20 15:00:00,236.74,236.61,236.69,95154,236.66749,236.48985333333331,236.91334199999994,hold
421,236.603,2020-02-20 15:01:00,236.7,236.56,236.65,64109,236.66829,236.4879533333333,236.90547199999995,hold
422,236.58,2020-02-20 15:02:00,236.62,236.546,236.6085,23870,236.66329000000002,236.48395333333332,236.89747199999994,hold
423,236.615,2020-02-20 15:03:00,236.6899,236.57,236.58,51566,236.65579000000002,236.48111999999998,236.88992199999996,hold
424,236.685,2020-02-20 15:04:00,236.72,236.585,236.61,48459,236.65629000000004,236.48095333333333,236.88336499999997,hold
425,236.77,2020-02-20 15:05:00,236.77,236.66,236.68,51895,236.66780000000003,236.48845333333335,236.87816499999997,hold
426,236.87,2020-02-20 15:06:00,236.95,236.78,236.78,154554,236.6808,236.51112000000003,236.87386499999997,hold
427,236.89,2020-02-20 15:07:00,236.915,236.85,236.86,53930,236.70279999999997,236.52912000000003,236.86966499999994,hold
428,236.82,2020-02-20 15:08:00,236.9,236.82,236.9,17531,236.7158,236.5475866666667,236.86476499999992,hold
429,236.7865,2020-02-20 15:09:00,236.85,236.7467,236.82,24316,236.72695,236.5618033333334,236.8595299999999,hold
430,236.8752,2020-02-20 15:10:00,236.9,236.79,236.79,39902,236.74946999999997,236.58097666666671,236.8550819999999,hold
431,236.8751,2020-02-20 15:11:00,236.9,236.85,236.87,21662,236.77668,236.60215666666673,236.8505329999999,hold
432,236.82,2020-02-20 15:12:00,236.87,236.81,236.86,19601,236.80068,236.6191566666667,236.84563299999988,hold
433,236.8379,2020-02-20 15:13:00,236.855,236.81,236.82,18244,236.82297,236.63508666666672,236.84116199999985,hold
434,236.78,2020-02-20 15:14:00,236.8468,236.78,236.835,25372,236.83247,236.6510866666667,236.83636199999987,hold
435,236.74,2020-02-20 15:15:00,236.8154,236.74,236.81,12131,236.82947,236.66775333333337,236.83196199999986,hold
436,236.67,2020-02-20 15:16:00,236.7609,236.66,236.7488,35433,236.80947,236.68308666666672,236.82706199999987,hold
437,236.63,2020-02-20 15:17:00,236.7,236.625,236.66,38733,236.78347000000002,236.69375333333338,236.82216199999988,hold
438,236.695,2020-02-20 15:18:00,236.695,236.61,236.6299,35541,236.77097000000003,236.70575333333335,236.81786199999988,hold
439,236.62,2020-02-20 15:19:00,236.72,236.615,236.7,44181,236.75432,236.71508666666668,236.81296199999986,hold
440,236.55,2020-02-20 15:20:00,236.6399,236.55,236.63,36425,236.72180000000003,236.71292000000003,236.80796199999986,hold
441,236.4763,2020-02-20 15:21:00,236.5599,236.44,236.54,48090,236.68192,236.70896333333337,236.80192499999984,hold
442,236.34,2020-02-20 15:22:00,236.485,236.3,236.48,72456,236.63392,236.6992966666667,236.79479899999984,hold
443,236.38,2020-02-20 15:23:00,236.425,236.33,236.33,35712,236.58813,236.6889633333334,236.78784899999985,hold
444,236.3,2020-02-20 15:24:00,236.39,236.27,236.375,47866,236.54013,236.6762966666667,236.78014899999982,hold
445,236.39,2020-02-20 15:25:00,236.395,236.29,236.2993,58258,236.50513,236.6674666666667,236.7729489999998,hold
446,236.43,2020-02-20 15:26:00,236.4499,236.361,236.4092,41523,236.48112999999998,236.6571333333334,236.7659489999998,hold
447,236.45,2020-02-20 15:27:00,236.47,236.39,236.42,42852,236.46312999999995,236.64980000000006,236.7591489999998,hold
448,236.4066,2020-02-20 15:28:00,236.46,236.39,236.46,29215,236.43428999999992,236.6403533333334,236.7514149999998,hold
449,236.42,2020-02-20 15:29:00,236.44,236.3953,236.42,51939,236.41428999999994,236.6318533333334,236.7437349999998,hold
450,236.35,2020-02-20 15:30:00,236.43,236.35,236.42,49589,236.3942899999999,236.62185333333343,236.73536499999977,hold
451,236.38,2020-02-20 15:31:00,236.42,236.35,236.35,24094,236.38465999999994,236.61442000000008,236.72776499999978,hold
452,236.455,2020-02-20 15:32:00,236.5,236.3791,236.38,66659,236.39615999999992,236.61025333333342,236.72068999999982,hold
453,236.485,2020-02-20 15:33:00,236.51,236.42,236.46,18256,236.40665999999993,236.60592000000008,236.71443999999983,hold
454,236.4675,2020-02-20 15:34:00,236.51,236.43,236.505,35516,236.42340999999993,236.59867000000006,236.70740799999982,hold
455,236.49,2020-02-20 15:35:00,236.51,236.45,236.46,33178,236.43340999999995,236.58933666666672,236.70080799999982,hold
456,236.58,2020-02-20 15:36:00,236.625,236.47,236.5,170382,236.44840999999997,236.57967000000005,236.69535799999983,hold
457,236.47,2020-02-20 15:37:00,236.61,236.47,236.5864,26199,236.45040999999998,236.56567000000004,236.68885799999987,hold
458,236.57,2020-02-20 15:38:00,236.6,236.46,236.46,26669,236.46675,236.5573366666667,236.68355799999986,hold
459,236.7,2020-02-20 15:39:00,236.71,236.5756,236.5756,45904,236.49474999999998,236.55445333333336,236.6795579999999,hold
460,236.711,2020-02-20 15:40:00,236.72,236.67,236.7,21477,236.53084999999996,236.54898000000003,236.6757679999999,hold
461,236.709,2020-02-20 15:41:00,236.73,236.65,236.73,38821,236.56374999999994,236.54344333333336,236.67198499999986,hold
462,236.7,2020-02-20 15:42:00,236.73,236.6902,236.71,15861,236.58824999999993,236.53944333333337,236.6675849999999,hold
463,236.685,2020-02-20 15:43:00,236.709,236.65,236.7,48685,236.6082499999999,236.53434666666672,236.66393499999992,hold
464,236.735,2020-02-20 15:44:00,236.745,236.67,236.68,87720,236.6349999999999,236.5328466666667,236.66168499999992,hold
465,236.725,2020-02-20 15:45:00,236.775,236.68,236.74,128014,236.65849999999992,236.53234666666674,236.6596349999999,hold
466,236.7,2020-02-20 15:46:00,236.74,236.7,236.715,28807,236.6704999999999,236.53334666666672,236.65738499999992,hold
467,236.65,2020-02-20 15:47:00,236.7195,236.64,236.71,57457,236.68849999999992,236.53401333333338,236.65448499999994,hold
468,236.665,2020-02-20 15:48:00,236.665,236.61,236.64,21810,236.69799999999992,236.53301333333337,236.65208499999997,hold
469,236.635,2020-02-20 15:49:00,236.69,236.635,236.66,9271,236.6914999999999,236.5335133333334,236.64933499999995,hold
470,236.57,2020-02-20 15:50:00,236.641,236.56,236.64,21313,236.67739999999995,236.53418000000005,236.64543499999996,hold
471,236.62,2020-02-20 15:51:00,236.64,236.53,236.57,118020,236.66849999999994,236.53897000000003,236.64153499999998,hold
472,236.66,2020-02-20 15:52:00,236.66,236.6,236.61,49833,236.66449999999995,236.5496366666667,236.63803499999997,hold
473,236.6199,2020-02-20 15:53:00,236.68,236.58,236.655,31991,236.65798999999998,236.55763333333334,236.63398399999997,hold
474,236.43,2020-02-20 15:54:00,236.6,236.36,236.6,74030,236.62748999999994,236.56196666666668,236.628484,hold
475,236.37,2020-02-20 15:55:00,236.45,236.35,236.4399,32024,236.59198999999995,236.5613,236.622234,hold
476,236.41,2020-02-20 15:56:00,236.42,236.37,236.37,11147,236.56298999999996,236.56063333333333,236.61678399999997,hold
477,236.43,2020-02-20 15:57:00,236.49,236.41,236.415,36069,236.5409899999999,236.55996666666667,236.611484,hold
478,236.42,2020-02-20 15:58:00,236.47,236.39,236.42,31502,236.51648999999992,236.56041333333332,236.606284,hold
479,236.38,2020-02-20 15:59:00,236.43,236.34,236.43,49154,236.49098999999995,236.55908,236.601584,hold
480,236.31,2020-02-20 16:00:00,236.38,236.29,236.38,40386,236.46498999999994,236.55774666666667,236.59678600000004,hold
481,236.1488,2020-02-20 16:01:00,236.3,236.14,236.3,46827,236.41786999999994,236.55004,236.589874,hold
482,236.21,2020-02-20 16:02:00,236.25,236.1484,236.155,26328,236.37286999999998,236.5418733333333,236.58257400000002,hold
483,236.12,2020-02-20 16:03:00,236.23,236.1,236.2099,89159,236.32287999999994,236.52970666666667,236.57397400000002,hold
484,236.07,2020-02-20 16:04:00,236.14,236.04,236.11,61319,236.28687999999997,236.51645666666667,236.56412400000002,hold
485,236.142,2020-02-20 16:05:00,236.16,236.06,236.07,52465,236.26407999999998,236.50485666666665,236.555544,hold
486,236.0783,2020-02-20 16:06:00,236.18,236.075,236.15,33948,236.23091,236.48813333333334,236.545527,hold
487,236.0851,2020-02-20 16:07:00,236.09,236.0,236.06,45653,236.19642,236.47530333333333,236.53567800000002,hold
488,236.13,2020-02-20 16:08:00,236.18,236.075,236.09,51464,236.16742,236.4606366666667,236.52627800000002,hold
489,236.0577,2020-02-20 16:09:00,236.13,236.04,236.13,26597,236.13518999999997,236.4392266666667,236.51695500000002,hold
490,235.85,2020-02-20 16:10:00,236.05,235.81,236.05,155049,236.08918999999997,236.4105266666667,236.509755,hold
491,235.69,2020-02-20 16:11:00,235.84,235.65,235.84,80987,236.04330999999996,236.37656000000004,236.500055,hold
492,235.63,2020-02-20 16:12:00,235.67,235.55,235.67,112826,235.98530999999997,236.34089333333338,236.489355,hold
493,235.59,2020-02-20 16:13:00,235.67,235.54,235.6192,96999,235.93231,236.30439333333337,236.478255,hold
494,235.39,2020-02-20 16:14:00,235.6,235.39,235.58,78329,235.86431,236.25956000000005,236.46525499999998,hold
495,235.24,2020-02-20 16:15:00,235.38,235.22,235.38,160152,235.77411,236.21006000000003,236.45220500000002,hold
496,234.97,2020-02-20 16:16:00,235.24,234.94,235.22,210207,235.66328,236.15239333333338,236.44000500000004,hold
497,235.03,2020-02-20 16:17:00,235.11,234.8279,234.97,189904,235.55776999999998,236.09839333333338,236.42680500000006,hold
498,235.21,2020-02-20 16:18:00,235.22,234.99,235.04,130571,235.46576999999996,236.0498933333334,236.41624500000006,hold
499,235.21,2020-02-20 16:19:00,235.28,235.18,235.23,125881,235.381,236.00239333333337,236.40474500000005,hold
500,235.16,2020-02-20 16:20:00,235.195,235.07,235.19,108459,235.31199999999998,235.95539333333338,236.39334500000004,hold
501,235.3,2020-02-20 16:21:00,235.3,235.1,235.1499,66510,235.273,235.9113933333334,236.38394800000006,hold
502,235.2,2020-02-20 16:22:00,235.31,235.165,235.29,89545,235.22999999999996,235.86272666666673,236.37284800000006,hold
503,234.9878,2020-02-20 16:23:00,235.19,234.93,235.19,117766,235.16977999999995,235.8083233333334,236.35912600000003,hold
504,234.86,2020-02-20 16:24:00,235.01,234.84,235.01,106151,235.11677999999998,235.75599000000005,236.34472600000004,hold
505,234.6,2020-02-20 16:25:00,234.87,234.51,234.85,394277,235.05277999999998,235.69699000000006,236.328326,hold
506,234.38,2020-02-20 16:26:00,234.6298,234.37,234.56,262757,234.99378000000002,235.62932333333342,236.31002600000002,hold
507,234.5,2020-02-20 16:27:00,234.58,234.3675,234.37,278525,234.94078,235.56499000000005,236.29192600000002,hold
508,234.19,2020-02-20 16:28:00,234.51,234.19,234.49,169907,234.83877999999999,235.49065666666672,236.27047600000003,hold
509,234.02,2020-02-20 16:29:00,234.29,233.99,234.18,313083,234.71978,235.41199000000006,236.24727600000003,hold
510,233.65,2020-02-20 16:30:00,234.18,233.59,234.015,360320,234.56878,235.32332333333338,236.21762600000002,hold
511,233.0,2020-02-20 16:31:00,233.72,232.99,233.62,589384,234.33877999999999,235.21836333333337,236.181676,hold
512,232.49,2020-02-20 16:32:00,233.04,231.88,233.0,1054287,234.06778000000003,235.09436333333335,236.140276,hold
513,232.49,2020-02-20 16:33:00,233.035,232.3192,232.47,564110,233.81800000000004,234.97336333333337,236.09827600000006,hold
514,232.64,2020-02-20 16:34:00,232.74,232.15,232.48,446468,233.596,234.85903000000005,236.05787600000002,hold
515,232.82,2020-02-20 16:35:00,232.83,232.29,232.67,407570,233.41800000000003,234.7482966666667,236.019527,hold
516,233.35,2020-02-20 16:36:00,233.39,232.66,232.83,374260,233.315,234.6573533333334,235.985627,hold
517,233.23,2020-02-20 16:37:00,233.35,232.96,233.33,370007,233.18800000000002,234.56218333333337,235.951227,hold
518,233.0718,2020-02-20 16:38:00,233.29,233.06,233.23,126521,233.07618000000002,234.46024333333335,235.91504500000002,hold
519,233.5,2020-02-20 16:39:00,233.56,233.0744,233.0874,206488,233.02418000000003,234.37498666666667,235.88329500000003,hold
520,233.34,2020-02-20 16:40:00,233.48,233.25,233.48,208643,232.99318000000002,234.29131999999998,235.850195,hold
521,233.45,2020-02-20 16:41:00,233.49,233.18,233.3595,268616,233.03818,234.21665333333334,235.81866500000004,hold
522,233.69,2020-02-20 16:42:00,233.71,233.4301,233.4523,259541,233.15818,234.15198666666666,235.78976500000002,hold
523,233.54,2020-02-20 16:43:00,233.69,233.52,233.68,228731,233.26318,234.0836533333333,235.759015,hold
524,233.445,2020-02-20 16:44:00,233.6,233.32,233.55,146767,233.34368000000003,234.01881999999995,235.72661499999998,hold
525,233.26,2020-02-20 16:45:00,233.66,233.16,233.46,229808,233.38768000000005,233.95281999999997,235.69151499999995,hold
526,233.1,2020-02-20 16:46:00,233.26,233.03,233.26,151076,233.36268000000004,233.89048666666665,235.65381499999995,hold
527,233.08,2020-02-20 16:47:00,233.27,233.07,233.09,116739,233.34768000000003,233.82548666666665,235.615715,hold
528,233.0,2020-02-20 16:48:00,233.13,232.99,233.09,173805,233.34050000000002,233.75181999999998,235.57751499999998,hold
529,232.91,2020-02-20 16:49:00,233.03,232.86,232.985,136571,233.2815,233.6751533333333,235.53875,hold
530,232.96,2020-02-20 16:50:00,233.11,232.87,232.9,154416,233.24349999999998,233.60181999999998,235.499598,hold
531,233.211,2020-02-20 16:51:00,233.35,232.95,232.95,255257,233.21959999999999,233.53218666666666,235.462957,hold
532,233.3,2020-02-20 16:52:00,233.315,233.11,233.21,91458,233.1806,233.46885333333333,235.42775699999999,hold
533,233.53,2020-02-20 16:53:00,233.54,233.29,233.31,124922,233.17960000000002,233.42025999999998,235.394678,hold
534,233.805,2020-02-20 16:54:00,233.87,233.46,233.54,248331,233.2156,233.38509333333334,235.364928,hold
535,233.83,2020-02-20 16:55:00,233.99,233.75,233.83,211039,233.27259999999995,233.35942666666668,235.335828,hold
536,233.68,2020-02-20 16:56:00,233.81,233.68,233.81,127183,233.33059999999995,233.33609333333334,235.30592800000002,hold
537,233.66,2020-02-20 16:57:00,233.71,233.51,233.67,108216,233.38859999999994,233.30809333333335,235.276228,hold
538,233.59,2020-02-20 16:58:00,233.66,233.53,233.66,90091,233.44759999999997,233.28809333333336,235.245178,hold
539,233.49,2020-02-20 16:59:00,233.59,233.47,233.57,104043,233.50559999999996,233.27042666666665,235.21387800000005,hold
540,233.42,2020-02-20 17:00:00,233.5,233.2551,233.5,242250,233.55159999999995,233.26276000000001,235.18257800000003,hold
541,233.35,2020-02-20 17:01:00,233.53,233.27,233.42,86276,233.5655,233.2744266666667,235.15131500000004,hold
542,233.045,2020-02-20 17:02:00,233.41,233.0102,233.3208,158610,233.53999999999996,233.2929266666667,235.118365,hold
543,233.22,2020-02-20 17:03:00,233.3,232.95,233.03,187484,233.50899999999993,233.31726000000006,235.086765,hold
544,233.085,2020-02-20 17:04:00,233.23,233.08,233.23,105522,233.43699999999995,233.33209333333338,235.054615,hold
545,233.25,2020-02-20 17:05:00,233.27,233.08,233.08,92442,233.37899999999996,233.3464266666667,235.02321500000002,hold
546,233.11,2020-02-20 17:06:00,233.26,233.075,233.24,68105,233.32199999999997,233.3384266666667,234.99001500000003,hold
547,233.16,2020-02-20 17:07:00,233.18,233.015,233.09,75682,233.272,233.33609333333337,234.95711500000002,hold
548,233.01,2020-02-20 17:08:00,233.19,233.01,233.17,94262,233.21399999999994,233.3340333333334,234.92314900000002,hold
549,232.73,2020-02-20 17:09:00,233.025,232.71,233.0,146683,233.13799999999992,233.3083666666667,234.88624900000002,hold
550,233.17,2020-02-20 17:10:00,233.1921,232.73,232.73,155535,233.11299999999991,233.30270000000004,234.85444900000002,hold
551,233.17,2020-02-20 17:11:00,233.28,233.02,233.16,141033,233.09499999999994,233.2933666666667,234.822349,hold
552,233.42,2020-02-20 17:12:00,233.44,233.09,233.13,201487,233.13249999999994,233.28436666666673,234.79199899999995,hold
553,233.4801,2020-02-20 17:13:00,233.51,233.32,233.41,155493,233.15850999999998,233.28237000000004,234.76194999999996,hold
554,233.43,2020-02-20 17:14:00,233.5,233.37,233.47,104199,233.19300999999996,233.28187000000008,234.73157499999996,hold
555,233.24,2020-02-20 17:15:00,233.42,233.19,233.42,126765,233.19200999999993,233.2812033333334,234.69907499999997,hold
556,233.18,2020-02-20 17:16:00,233.29,233.13,233.24,133786,233.1990099999999,233.28387000000006,234.66507499999997,hold
557,233.05,2020-02-20 17:17:00,233.22,233.05,233.2,78892,233.18800999999993,233.28287000000006,234.63087499999995,hold
558,233.35,2020-02-20 17:18:00,233.37,233.03,233.05,46553,233.22200999999995,233.29453666666674,234.59867499999993,hold
559,233.18,2020-02-20 17:19:00,233.37,233.17,233.35,33324,233.26700999999994,233.30353666666676,234.56347499999993,hold
560,232.9799,2020-02-20 17:20:00,233.24,232.9415,233.15,43496,233.2479999999999,233.3042000000001,234.5261639999999,hold
561,233.17,2020-02-20 17:21:00,233.24,232.98,232.98,37275,233.2479999999999,233.30283333333344,234.4907739999999,hold
562,232.98,2020-02-20 17:22:00,233.14,232.94,233.14,151859,233.2039999999999,233.29216666666673,234.4535739999999,hold
563,232.9151,2020-02-20 17:23:00,233.11,232.9,232.97,68844,233.14749999999995,233.27167000000009,234.41587499999986,hold
564,232.925,2020-02-20 17:24:00,232.98,232.84,232.94,62015,233.09699999999998,233.24233666666674,234.37777499999984,hold
565,232.89,2020-02-20 17:25:00,233.04,232.88,232.91,94519,233.06199999999998,233.21100333333342,234.33942499999986,hold
566,232.9,2020-02-20 17:26:00,232.93,232.83,232.87,96145,233.03400000000002,233.1850033333334,234.30142499999988,hold
567,232.98,2020-02-20 17:27:00,233.02,232.84,232.88,65470,233.027,233.16233666666673,234.26472499999986,hold
568,232.895,2020-02-20 17:28:00,232.995,232.84,232.955,85219,232.9815,233.13917000000006,234.22702499999986,hold
569,232.84,2020-02-20 17:29:00,232.9,232.72,232.9,65193,232.94750000000005,233.11750333333342,234.18907499999986,hold
570,233.13,2020-02-20 17:30:00,233.16,232.77,232.85,105205,232.96251000000007,233.10783666666674,234.15467499999988,hold
571,232.9,2020-02-20 17:31:00,233.12,232.845,233.12,69481,232.93551000000008,233.09283666666673,234.1174749999999,hold
572,232.65,2020-02-20 17:32:00,232.87,232.64,232.87,189964,232.90251000000006,233.07967000000005,234.07737499999993,hold
573,232.84,2020-02-20 17:33:00,232.86,232.65,232.659,59087,232.89500000000007,233.0670033333334,234.0395759999999,hold
574,233.06,2020-02-20 17:34:00,233.11,232.72,232.84,86683,232.90850000000006,233.06617000000006,234.00587599999992,hold
575,232.99,2020-02-20 17:35:00,233.1,232.96,233.06,142504,232.91850000000008,233.0575033333334,233.97207599999993,hold
576,232.86,2020-02-20 17:36:00,233.02,232.85,232.98,106911,232.9145000000001,233.04917000000006,233.93657599999995,hold
577,232.895,2020-02-20 17:37:00,232.96,232.835,232.845,54992,232.9060000000001,233.04033666666675,233.90122599999995,hold
578,232.975,2020-02-20 17:38:00,233.015,232.8163,232.89,73506,232.91400000000007,233.03917000000007,233.86677599999996,hold
579,232.92,2020-02-20 17:39:00,233.04,232.89,232.97,68212,232.92200000000008,233.04550333333341,233.83217599999992,hold
580,232.98,2020-02-20 17:40:00,233.06,232.88,232.92,145972,232.90700000000007,233.03917000000007,233.79887599999992,hold
581,232.87,2020-02-20 17:41:00,232.98,232.78,232.97,123934,232.90400000000005,233.02917000000008,233.7660879999999,hold
582,232.84,2020-02-20 17:42:00,232.94,232.825,232.86,105474,232.92300000000006,233.00983666666673,233.73238799999993,hold
583,232.79,2020-02-20 17:43:00,232.918,232.76,232.83,80145,232.91800000000003,232.9868333333334,233.69908799999993,hold
584,232.77,2020-02-20 17:44:00,232.82,232.72,232.785,77733,232.88900000000004,232.96483333333342,233.66608799999995,hold
585,232.672,2020-02-20 17:45:00,232.84,232.645,232.77,113974,232.8572,232.94590000000008,233.63138799999993,hold
586,232.7,2020-02-20 17:46:00,232.71,232.645,232.685,35545,232.8412,232.92990000000006,233.59760499999993,hold
587,233.04,2020-02-20 17:47:00,233.09,232.7185,232.7185,136461,232.85569999999998,232.92956666666672,233.56715399999993,hold
588,232.88,2020-02-20 17:48:00,233.1301,232.82,233.02,120209,232.8462,232.91390000000004,233.53465399999993,hold
589,232.91,2020-02-20 17:49:00,233.01,232.87,232.88,37143,232.84519999999998,232.90490000000003,233.50317699999994,hold
590,232.8542,2020-02-20 17:50:00,232.97,232.81,232.9,51644,232.83262,232.90071,233.47321899999994,hold
591,232.819,2020-02-20 17:51:00,232.87,232.79,232.84,24866,232.82752,232.88901,233.44450899999995,hold
592,232.8725,2020-02-20 17:52:00,232.9102,232.825,232.825,35789,232.83076999999997,232.88542666666672,233.41693399999997,hold
593,232.9899,2020-02-20 17:53:00,233.08,232.88,232.88,99635,232.85075999999998,232.88792000000004,233.39093299999996,hold
594,233.0487,2020-02-20 17:54:00,233.06,232.93,232.9787,55583,232.87863,232.89204333333336,233.36751999999996,hold
595,233.23,2020-02-20 17:55:00,233.25,233.01,233.01,32665,232.93442999999996,232.90337666666667,233.34741999999994,hold
596,233.3,2020-02-20 17:56:00,233.36,233.22,233.23,154841,232.99443000000002,232.91671000000002,233.33071999999993,hold
597,233.39,2020-02-20 17:57:00,233.43,233.25,233.31,125369,233.02943,232.93037666666672,233.31431999999992,hold
598,233.45,2020-02-20 17:58:00,233.49,233.37,233.39,62128,233.08642999999998,232.9488766666667,233.29671999999994,hold
599,233.5,2020-02-20 17:59:00,233.53,233.4,233.45,53309,233.14542999999998,232.9708766666667,233.27961999999997,hold
600,233.36,2020-02-20 18:00:00,233.49,233.32,233.49,157252,233.19601000000003,232.97854333333333,233.26161999999997,hold
601,233.38,2020-02-20 18:01:00,233.47,233.321,233.36,60307,233.25211000000004,232.99454333333335,233.24241999999998,hold
602,233.4,2020-02-20 18:02:00,233.41,233.35,233.39,54464,233.30486000000005,233.01954333333336,233.22441999999998,hold
603,233.295,2020-02-20 18:03:00,233.39,233.25,233.39,45979,233.33537000000007,233.03471000000002,233.20749199999997,hold
604,233.37,2020-02-20 18:04:00,233.4,233.28,233.29,31465,233.36750000000006,233.04504333333335,233.19259199999996,hold
605,233.415,2020-02-20 18:05:00,233.435,233.31,233.37,22352,233.38600000000005,233.05921,233.18074199999998,hold
606,233.44,2020-02-20 18:06:00,233.485,233.3348,233.405,47054,233.40000000000003,233.07854333333336,233.17134199999998,hold
607,233.65,2020-02-20 18:07:00,233.69,233.43,233.455,97273,233.42600000000007,233.10370999999998,233.16284199999998,hold
608,233.65,2020-02-20 18:08:00,233.78,233.63,233.67,79547,233.44600000000008,233.12620999999996,233.157442,hold
609,233.763,2020-02-20 18:09:00,233.78,233.58,233.651,68050,233.47230000000008,233.15430999999995,233.15487199999998,hold
610,233.97,2020-02-20 18:10:00,234.0,233.72,233.765,126753,233.53330000000005,233.18730999999997,233.158072,buy
611,233.98,2020-02-20 18:11:00,234.0796,233.9,233.9751,160685,233.59330000000006,233.22430999999997,233.167872,hold
612,234.05,2020-02-20 18:12:00,234.08,233.99,233.99,74468,233.65830000000005,233.2646433333333,233.18347199999997,hold
613,234.04,2020-02-20 18:13:00,234.105,234.0,234.05,71552,233.73280000000005,233.30630999999997,233.19897199999997,hold
614,234.14,2020-02-20 18:14:00,234.15,234.04,234.045,50570,233.80980000000005,233.35197666666664,233.21397199999996,hold
615,234.13,2020-02-20 18:15:00,234.325,234.13,234.145,127143,233.88130000000007,233.40057666666664,233.22707199999996,hold
616,234.03,2020-02-20 18:16:00,234.155,234.0,234.15,100985,233.94030000000006,233.44491,233.23387199999996,hold
617,233.98,2020-02-20 18:17:00,234.04,233.96,234.03,86762,233.97330000000005,233.47624333333331,233.24137199999998,hold
618,233.91,2020-02-20 18:18:00,234.03,233.91,233.975,45505,233.99930000000003,233.51057666666662,233.24975399999997,hold
619,233.82,2020-02-20 18:19:00,233.96,233.76,233.93,174087,234.00500000000005,233.54090999999997,233.25295399999996,hold
620,233.88,2020-02-20 18:20:00,233.93,233.83,233.83,60950,233.9960000000001,233.5751033333333,233.25835399999997,hold
621,233.85,2020-02-20 18:21:00,233.8812,233.81,233.87,27189,233.9830000000001,233.60946999999996,233.26235399999993,hold
622,233.82,2020-02-20 18:22:00,233.84,233.77,233.84,20374,233.9600000000001,233.64105333333328,233.26365399999995,hold
623,233.95,2020-02-20 18:23:00,233.96,233.81,233.81,35247,233.95100000000008,233.6730566666666,233.26775399999994,hold
624,233.96,2020-02-20 18:24:00,233.99,233.9,233.95,19691,233.93300000000008,233.70343333333327,233.27290399999995,hold
625,233.8556,2020-02-20 18:25:00,233.9769,233.82,233.95,19208,233.90556000000007,233.72428666666661,233.27885999999995,hold
626,233.85,2020-02-20 18:26:00,233.9,233.8061,233.8309,21230,233.88756000000004,233.74261999999996,233.28635999999995,hold
627,233.95,2020-02-20 18:27:00,233.96,233.83,233.8466,34827,233.88456000000002,233.76128666666662,233.29505999999995,hold
628,233.91,2020-02-20 18:28:00,234.05,233.91,233.95,40898,233.88456000000002,233.77661999999995,233.30415999999994,hold
629,233.92,2020-02-20 18:29:00,233.94,233.89,233.91,21418,233.89456,233.79061999999993,233.31425999999993,hold
630,233.94,2020-02-20 18:30:00,234.02,233.92,233.92,25192,233.90055999999998,233.80995333333328,233.32405999999992,hold
631,233.89,2020-02-20 18:31:00,233.965,233.875,233.92,34116,233.90456,233.82695333333328,233.3308499999999,hold
632,233.93,2020-02-20 18:32:00,233.94,233.85,233.91,23991,233.91555999999997,233.84461999999996,233.33714999999992,hold
633,234.02,2020-02-20 18:33:00,234.04,233.87,233.93,38174,233.92255999999998,233.86878666666664,233.34204999999994,hold
634,234.0951,2020-02-20 18:34:00,234.12,234.01,234.01,34511,233.93606999999997,233.89295666666666,233.34495099999992,hold
635,233.9942,2020-02-20 18:35:00,234.09,233.88,234.09,37651,233.94993,233.91226333333333,233.34659299999993,hold
636,233.85,2020-02-20 18:36:00,233.99,233.78,233.985,43961,233.94993,233.92593000000002,233.3482929999999,hold
637,233.56,2020-02-20 18:37:00,233.86,233.56,233.85,71848,233.91093,233.92293000000006,233.34729299999992,hold
638,233.65,2020-02-20 18:38:00,233.7,233.58,233.58,54500,233.88493000000003,233.92293000000006,233.34789299999994,hold
639,233.69,2020-02-20 18:39:00,233.72,233.62,233.67,17836,233.86193000000003,233.9204966666667,233.3498929999999,hold
640,233.77,2020-02-20 18:40:00,233.82,233.69,233.7,15989,233.84493000000003,233.91383000000005,233.35339299999993,hold
641,233.55,2020-02-20 18:41:00,233.77,233.54,233.77,27349,233.81093000000004,233.89949666666675,233.35539299999994,hold
642,233.56,2020-02-20 18:42:00,233.63,233.52,233.54,40883,233.77393000000006,233.8831633333334,233.36054299999995,hold
643,233.5,2020-02-20 18:43:00,233.56,233.43,233.56,60547,233.72193000000007,233.8651633333334,233.36334299999996,hold
644,233.52,2020-02-20 18:44:00,233.54,233.48,233.495,30917,233.66442000000006,233.84449666666674,233.36769299999997,hold
645,233.6597,2020-02-20 18:45:00,233.66,233.47,233.52,70817,233.63097000000008,233.8288200000001,233.37178999999998,hold
646,233.65,2020-02-20 18:46:00,233.715,233.64,233.66,31381,233.6109700000001,233.8161533333334,233.37718999999998,hold
647,233.7644,2020-02-20 18:47:00,233.81,233.646,233.65,21471,233.6314100000001,233.80896666666678,233.383234,hold
648,233.71,2020-02-20 18:48:00,233.82,233.71,233.76,21091,233.6374100000001,233.80230000000012,233.390234,hold
649,233.6877,2020-02-20 18:49:00,233.74,233.68,233.71,22969,233.6371800000001,233.79789000000014,233.39981099999997,hold
650,233.68,2020-02-20 18:50:00,233.7677,233.65,233.67,32772,233.62818000000007,233.79122333333348,233.404911,hold
651,233.81,2020-02-20 18:51:00,233.81,233.7,233.7,15989,233.65418000000005,233.78989000000013,233.411311,hold
652,233.77,2020-02-20 18:52:00,233.81,233.75,233.8,13163,233.67518000000004,233.7882233333335,233.41481100000004,hold
653,233.75,2020-02-20 18:53:00,233.77,233.71,233.77,11010,233.70018000000005,233.78155666666683,233.41751000000005,hold
654,233.692,2020-02-20 18:54:00,233.77,233.6772,233.76,19951,233.71738000000005,233.77262333333348,233.42013000000003,hold
655,233.76,2020-02-20 18:55:00,233.76,233.69,233.7001,11723,233.72741000000005,233.76943666666685,233.42533,hold
656,233.6302,2020-02-20 18:56:00,233.76,233.615,233.76,32279,233.72543000000005,233.76211000000015,233.42983199999998,hold
657,233.565,2020-02-20 18:57:00,233.71,233.53,233.63,48079,233.70549000000005,233.74927666666682,233.434982,hold
658,233.56,2020-02-20 18:58:00,233.6,233.5,233.56,73728,233.69049000000004,233.73761000000016,233.437082,hold
659,233.6,2020-02-20 18:59:00,233.6529,233.55,233.55,15873,233.68172000000004,233.7269433333335,233.441282,hold
660,233.84,2020-02-20 19:00:00,233.84,233.6,233.6,28819,233.69772000000006,233.72361000000018,233.449883,hold
661,233.89,2020-02-20 19:01:00,233.95,233.84,233.86,38373,233.70572000000007,233.72361000000018,233.457083,hold
662,233.94,2020-02-20 19:02:00,233.965,233.88,233.89,11047,233.72272000000007,233.7239433333335,233.46668300000002,hold
663,234.055,2020-02-20 19:03:00,234.08,233.92,233.959,106060,233.75322000000006,233.72511000000017,233.47808200000003,hold
664,234.1,2020-02-20 19:04:00,234.14,234.07,234.07,27030,233.79402000000005,233.72527333333352,233.48983200000004,hold
665,234.28,2020-02-20 19:05:00,234.28,234.0926,234.12,100923,233.84602000000004,233.73480000000018,233.503732,hold
666,234.2,2020-02-20 19:06:00,234.29,234.19,234.28,56209,233.90300000000002,233.74646666666683,233.51673200000002,hold
667,234.1871,2020-02-20 19:07:00,234.21,234.14,234.19,24753,233.96521,233.76737000000014,233.528803,hold
668,234.11,2020-02-20 19:08:00,234.2,234.1,234.18,14825,234.02021000000005,233.78270333333347,233.540953,hold
669,234.09,2020-02-20 19:09:00,234.13,234.05,234.11,20580,234.06921000000006,233.79603666666682,233.55345300000002,hold
670,234.4,2020-02-20 19:10:00,234.5,234.11,234.11,168313,234.12521000000007,233.8170366666668,233.566153,hold
671,234.4198,2020-02-20 19:11:00,234.44,234.32,234.4,60671,234.1781900000001,233.84603000000013,233.58135099999998,hold
672,234.29,2020-02-20 19:12:00,234.4,234.27,234.4,54778,234.21319000000008,233.87036333333344,233.597751,hold
673,234.24,2020-02-20 19:13:00,234.34,234.21,234.29,112649,234.23169000000013,233.8950300000001,233.611751,hold
674,234.32,2020-02-20 19:14:00,234.34,234.23,234.23,27094,234.25369000000015,233.92169666666675,233.624351,hold
675,234.42,2020-02-20 19:15:00,234.42,234.31,234.33,33743,234.26769000000013,233.94704000000007,233.63865099999995,hold
676,234.3,2020-02-20 19:16:00,234.4,234.26,234.4,43502,234.27769000000018,233.96870666666675,233.65305099999995,hold
677,234.26,2020-02-20 19:17:00,234.3198,234.24,234.28,11292,234.2849800000002,233.98522666666676,233.66670099999993,hold
678,234.24,2020-02-20 19:18:00,234.275,234.24,234.265,11190,234.29798000000014,234.00289333333342,233.67935099999994,hold
679,234.17,2020-02-20 19:19:00,234.27,234.17,234.24,31759,234.30598000000015,234.01897000000008,233.69185099999996,hold
680,234.2457,2020-02-20 19:20:00,234.32,234.17,234.18,36445,234.2905500000001,234.03782666666675,233.70450799999995,hold
681,234.31,2020-02-20 19:21:00,234.31,234.25,234.25,32528,234.2795700000001,234.05449333333343,233.71890799999997,hold
682,234.32,2020-02-20 19:22:00,234.34,234.27,234.31,38120,234.28257000000013,234.0728266666667,233.73370799999998,hold
683,234.42,2020-02-20 19:23:00,234.4331,234.3,234.32,16533,234.30057000000016,234.09516000000005,233.75000799999995,hold
684,234.465,2020-02-20 19:24:00,234.47,234.35,234.41,48365,234.31507000000016,234.12092666666675,233.76695799999993,hold
685,234.3896,2020-02-20 19:25:00,234.4694,234.35,234.46,47704,234.31203000000014,234.1419133333334,233.78413399999994,hold
686,234.2601,2020-02-20 19:26:00,234.42,234.2601,234.39,15005,234.30804000000012,234.1629100000001,233.79973499999994,hold
687,234.22,2020-02-20 19:27:00,234.2728,234.22,234.25,16051,234.30404000000007,234.18474333333344,233.81153499999994,hold
688,234.24,2020-02-20 19:28:00,234.245,234.19,234.24,16271,234.30404000000007,234.2074100000001,233.82513499999993,hold
689,234.21,2020-02-20 19:29:00,234.26,234.171,234.25,32843,234.30804000000006,234.22774333333342,233.83813499999994,hold
690,234.22,2020-02-20 19:30:00,234.31,234.19,234.2,27099,234.30547000000007,234.24041000000008,233.85179299999993,hold
691,234.42,2020-02-20 19:31:00,234.42,234.225,234.225,29708,234.31647000000007,234.25807666666677,233.86780299999992,hold
692,234.4664,2020-02-20 19:32:00,234.49,234.39,234.425,34696,234.33111000000002,234.27562333333344,233.8837419999999,hold
693,234.67,2020-02-20 19:33:00,234.7,234.434,234.46,183625,234.35611000000003,234.29612333333344,233.90054299999989,hold
694,234.7,2020-02-20 19:34:00,234.72,234.62,234.67,79337,234.37961,234.31612333333342,233.9170559999999,hold
695,234.74,2020-02-20 19:35:00,234.77,234.6,234.695,72344,234.41465000000002,234.33145666666675,233.93215599999994,hold
696,234.83,2020-02-20 19:36:00,234.87,234.72,234.75,61300,234.47164000000004,234.35245666666677,233.94745599999996,hold
697,234.69,2020-02-20 19:37:00,234.82,234.69,234.82,69432,234.51864000000006,234.36922000000007,233.96045599999994,hold
698,234.7,2020-02-20 19:38:00,234.75,234.6838,234.695,23221,234.56464000000005,234.38888666666674,233.97295599999995,hold
699,234.79,2020-02-20 19:39:00,234.82,234.7,234.7,60996,234.62264000000005,234.41222000000008,233.98585599999996,hold
700,234.727,2020-02-20 19:40:00,234.82,234.725,234.81,20346,234.67334000000005,234.42312000000007,233.99952599999995,hold
701,234.63,2020-02-20 19:41:00,234.72,234.62,234.72,48208,234.69434000000007,234.43012666666675,234.01202599999993,hold
702,234.5939,2020-02-20 19:42:00,234.65,234.5939,234.635,87363,234.70709000000005,234.44025666666676,234.02396499999992,hold
703,234.585,2020-02-20 19:43:00,234.62,234.55,234.5999,18286,234.69859000000005,234.45175666666677,234.03686499999992,hold
704,234.61,2020-02-20 19:44:00,234.7,234.58,234.585,23584,234.6895900000001,234.46142333333344,234.04926499999993,hold
705,234.64,2020-02-20 19:45:00,234.6811,234.62,234.62,8540,234.6795900000001,234.46875666666676,234.06151499999993,hold
706,234.615,2020-02-20 19:46:00,234.6374,234.56,234.6374,28825,234.65809000000007,234.47925666666677,234.07326499999996,hold
707,234.585,2020-02-20 19:47:00,234.61,234.56,234.6,11189,234.6475900000001,234.4900900000001,234.08261499999992,hold
708,234.62,2020-02-20 19:48:00,234.64,234.57,234.585,16946,234.63959000000008,234.50275666666676,234.0923149999999,hold
709,234.625,2020-02-20 19:49:00,234.64,234.58,234.64,30672,234.6230900000001,234.5179233333334,234.1009349999999,hold
710,234.54,2020-02-20 19:50:00,234.7,234.54,234.62,27155,234.6043900000001,234.5277333333334,234.10663499999993,hold
711,234.43,2020-02-20 19:51:00,234.5342,234.381,234.5342,36485,234.58439000000007,234.5317333333334,234.11113499999993,hold
712,234.34,2020-02-20 19:52:00,234.46,234.33,234.43,112661,234.5590000000001,234.53240000000008,234.11403499999994,hold
713,234.25,2020-02-20 19:53:00,234.38,234.245,234.34,43688,234.5255000000001,234.52673333333342,234.11613499999993,hold
714,234.36,2020-02-20 19:54:00,234.3768,234.26,234.26,18879,234.5005000000001,234.5232333333334,234.11833499999995,hold
715,234.49,2020-02-20 19:55:00,234.54,234.35,234.35,20841,234.4855000000001,234.52658000000005,234.12193499999995,hold
716,234.46,2020-02-20 19:56:00,234.51,234.46,234.5,16943,234.47000000000008,234.53324333333336,234.12623499999995,hold
717,234.49,2020-02-20 19:57:00,234.5,234.43,234.4639,11841,234.46050000000005,234.54224333333335,234.13133499999995,hold
718,234.54,2020-02-20 19:58:00,234.555,234.47,234.471,38873,234.45250000000004,234.55224333333337,234.13763499999996,hold
719,234.45,2020-02-20 19:59:00,234.54,234.43,234.53,17462,234.43500000000003,234.56024333333335,234.14393499999997,hold
720,234.35,2020-02-20 20:00:00,234.5,234.35,234.46,39133,234.41600000000003,234.56457666666668,234.14863499999996,hold
721,234.45,2020-02-20 20:01:00,234.45,234.32,234.345,64440,234.41800000000003,234.5655766666667,234.15463499999998,hold
722,234.43,2020-02-20 20:02:00,234.4668,234.361,234.45,16422,234.427,234.56436333333335,234.160735,hold
723,234.3347,2020-02-20 20:03:00,234.44,234.33,234.44,19880,234.43546999999998,234.55318666666668,234.16458199999997,hold
724,234.33,2020-02-20 20:04:00,234.34,234.28,234.34,16133,234.43246999999997,234.54085333333336,234.168282,hold
725,234.35,2020-02-20 20:05:00,234.41,234.33,234.33,11829,234.41846999999999,234.52785333333338,234.173226,hold
726,234.36,2020-02-20 20:06:00,234.44,234.36,234.37,23000,234.40847,234.5121866666667,234.17832600000003,hold
727,234.32,2020-02-20 20:07:00,234.36,234.3,234.33,20192,234.39147000000003,234.49985333333336,234.182026,hold
728,234.25,2020-02-20 20:08:00,234.33,234.24,234.3,22888,234.36247000000003,234.48485333333338,234.185426,hold
729,234.27,2020-02-20 20:09:00,234.27,234.185,234.24,27219,234.34447000000006,234.46752000000006,234.18892600000004,hold
730,234.18,2020-02-20 20:10:00,234.3,234.17,234.26,22640,234.32747000000003,234.44928666666675,234.19132600000003,hold
731,233.99,2020-02-20 20:11:00,234.21,233.9,234.175,161688,234.28147000000007,234.4279533333334,234.19232600000007,hold
732,234.05,2020-02-20 20:12:00,234.07,233.97,234.0,63467,234.24347000000012,234.4098233333334,234.19352600000005,hold
733,234.06,2020-02-20 20:13:00,234.125,234.0,234.04,50124,234.21600000000012,234.39232333333342,234.19392600000006,hold
734,234.1,2020-02-20 20:14:00,234.1101,234.06,234.075,19630,234.19300000000013,234.37532333333345,234.19397500000005,hold
735,234.17,2020-02-20 20:15:00,234.17,233.96,234.06,41288,234.17500000000013,234.35965666666678,234.19573300000005,hold
736,234.155,2020-02-20 20:16:00,234.2,234.135,234.17,14792,234.15450000000016,234.34432333333342,234.19878300000005,hold
737,234.24,2020-02-20 20:17:00,234.26,234.16,234.17,26645,234.14650000000015,234.33282333333344,234.20558300000005,hold
738,234.29,2020-02-20 20:18:00,234.305,234.22,234.23,14096,234.15050000000014,234.3218233333334,234.21198300000003,hold
739,234.38,2020-02-20 20:19:00,234.38,234.295,234.31,29324,234.16150000000016,234.31365666666676,234.21888300000006,hold
740,234.5,2020-02-20 20:20:00,234.52,234.35,234.39,55630,234.19350000000017,234.31232333333344,234.22618300000005,hold
741,234.44,2020-02-20 20:21:00,234.58,234.44,234.51,77848,234.23850000000022,234.31265666666675,234.23508300000006,hold
742,234.44,2020-02-20 20:22:00,234.5,234.4234,234.44,36588,234.2775000000002,234.31599000000006,234.243883,hold
743,234.46,2020-02-20 20:23:00,234.49,234.43,234.45,26567,234.3175000000002,234.32299000000006,234.25348300000002,hold
744,234.5356,2020-02-20 20:24:00,234.55,234.465,234.465,31773,234.36106000000024,234.3288433333334,234.263639,hold
745,234.53,2020-02-20 20:25:00,234.55,234.48,234.52,19878,234.39706000000024,234.33017666666674,234.27234199999998,hold
746,234.5,2020-02-20 20:26:00,234.525,234.47,234.5184,35169,234.43156000000022,234.33151000000007,234.28084199999998,hold
747,234.475,2020-02-20 20:27:00,234.51,234.43,234.49,48050,234.45506000000023,234.33101000000008,234.28794799999997,hold
748,234.43,2020-02-20 20:28:00,234.49,234.405,234.475,49394,234.4690600000002,234.32734333333343,234.29514799999998,hold
749,234.45,2020-02-20 20:29:00,234.485,234.42,234.4396,24635,234.4760600000002,234.32734333333343,234.302771,hold
750,234.67,2020-02-20 20:30:00,234.7,234.45,234.45,116501,234.49306000000018,234.33801000000008,234.31267099999997,hold
751,234.68,2020-02-20 20:31:00,234.73,234.61,234.67,46274,234.51706000000019,234.34567666666678,234.32137099999997,hold
752,234.72,2020-02-20 20:32:00,234.73,234.68,234.68,39341,234.54506000000015,234.35534333333345,234.33087099999997,hold
753,234.7,2020-02-20 20:33:00,234.77,234.68,234.72,35891,234.56906000000012,234.3675200000001,234.34037099999998,hold
754,234.68,2020-02-20 20:34:00,234.72,234.63,234.68,27552,234.5835000000001,234.37918666666675,234.350251,hold
755,234.6,2020-02-20 20:35:00,234.71,234.555,234.66,82593,234.59050000000008,234.3875200000001,234.35865099999998,hold
756,234.61,2020-02-20 20:36:00,234.63,234.57,234.62,41860,234.60150000000007,234.39585333333343,234.368449,hold
757,234.7291,2020-02-20 20:37:00,234.745,234.61,234.62,43446,234.6269100000001,234.4094900000001,234.38009000000002,hold
758,234.67,2020-02-20 20:38:00,234.75,234.62,234.715,34485,234.65091000000012,234.4234900000001,234.39119,hold
759,234.66,2020-02-20 20:39:00,234.68,234.58,234.6707,73345,234.6719100000001,234.43649000000008,234.40179,hold
760,234.74,2020-02-20 20:40:00,234.77,234.64,234.66,53689,234.6789100000001,234.45515666666674,234.41079000000002,hold
761,234.735,2020-02-20 20:41:00,234.75,234.68,234.74,36807,234.68441000000013,234.47999000000007,234.41924000000003,hold
762,234.7,2020-02-20 20:42:00,234.745,234.68,234.74,25428,234.68241000000012,234.50165666666672,234.42684000000006,hold
763,234.71,2020-02-20 20:43:00,234.715,234.63,234.705,38648,234.68341000000015,234.52332333333337,234.43339000000003,hold
764,234.8,2020-02-20 20:44:00,234.8183,234.69,234.71,24986,234.69541000000018,234.5466566666667,234.44039000000004,hold
765,234.7,2020-02-20 20:45:00,234.83,234.675,234.8,65617,234.70541000000017,234.56432333333336,234.44459000000006,hold
766,234.575,2020-02-20 20:46:00,234.711,234.54,234.69,61089,234.70191000000014,234.57832333333334,234.44834000000006,hold
767,234.535,2020-02-20 20:47:00,234.62,234.501,234.575,68940,234.68250000000012,234.5881566666667,234.45181900000006,hold
768,234.515,2020-02-20 20:48:00,234.56,234.5,234.54,49213,234.6670000000001,234.5956566666667,234.45586900000006,hold
769,234.45,2020-02-20 20:49:00,234.51,234.4156,234.51,99597,234.6460000000001,234.59799000000004,234.45946900000007,hold
770,234.375,2020-02-20 20:50:00,234.46,234.36,234.46,154784,234.6095000000001,234.59382333333335,234.45921900000005,hold
771,234.5,2020-02-20 20:51:00,234.57,234.371,234.38,76197,234.5860000000001,234.59582333333339,234.46002100000004,hold
772,234.505,2020-02-20 20:52:00,234.53,234.45,234.46,74736,234.56650000000013,234.59799000000007,234.46217100000004,hold
773,234.7,2020-02-20 20:53:00,234.71,234.51,234.51,104494,234.5655000000001,234.60599000000005,234.46677100000005,hold
774,234.78,2020-02-20 20:54:00,234.81,234.65,234.7,187512,234.56350000000012,234.6141366666667,234.47137100000003,hold
775,234.77,2020-02-20 20:55:00,234.82,234.74,234.79,69661,234.57050000000012,234.62213666666673,234.47487100000006,hold
776,234.89,2020-02-20 20:56:00,234.92,234.74,234.7772,102909,234.60200000000015,234.63513666666674,234.48077100000006,hold
777,234.905,2020-02-20 20:57:00,234.95,234.845,234.89,97360,234.63900000000018,234.64947000000004,234.48722100000006,hold
778,234.86,2020-02-20 20:58:00,234.92,234.845,234.91,110605,234.6735000000002,234.66380333333336,234.49342100000004,hold
779,234.73,2020-02-20 20:59:00,234.885,234.7,234.86,411618,234.7015000000002,234.6731366666667,234.49902100000006,hold
